Pos.;Art;Typ;Identifikation;;Inventarnummer;Barcode
1;Anschlagmittel / Zuggeräte;Anschlagkette;Anschlagkette HRG 10-48-2 01;;;2000000608
2;Anschlagmittel / Zuggeräte;Anschlagkette;Anschlagkette Kompakt 10-48-2 01;;;2000000609
3;Anschlagmittel / Zuggeräte;Anschlagkette;Anschlagkette Kompakt 10-48-2 02;;;2000000610
4;Anschlagmittel / Zuggeräte;Büffelheber;Büffelheber 10-64-2 01;;;2000000226
5;Anschlagmittel / Zuggeräte;Feuerwehrleinen (Fangleinen);Feuerwehrleine 08/20/2;;8/20/2;
6;Anschlagmittel / Zuggeräte;Feuerwehrleinen (Fangleinen);Feuerwehrleine 5/22/2;;5/22/2;
7;Anschlagmittel / Zuggeräte;Feuerwehrleinen (Fangleinen);Feuerwehrleine 08/21/2;;8/21/2;
8;Anschlagmittel / Zuggeräte;Feuerwehrleinen (Fangleinen);Feuerwehrleine 34/21/2;;;
9;Anschlagmittel / Zuggeräte;Feuerwehrleinen (Fangleinen);Feuerwehrleine 22/18/2;;;
10;Anschlagmittel / Zuggeräte;Feuerwehrleinen (Fangleinen);Feuerwehrleine 03/19/2;;3/19/2;
11;Anschlagmittel / Zuggeräte;Feuerwehrleinen (Fangleinen);Feuerwehrleine 4/23/2;;Feuerwehrleine 4/23/2;
12;Anschlagmittel / Zuggeräte;Feuerwehrleinen (Fangleinen);Feuerwehrleine 31/22/2;;31/22/2;
13;Anschlagmittel / Zuggeräte;Feuerwehrleinen (Fangleinen);Feuerwehrleine 18/18/2;;18/18/2;
14;Anschlagmittel / Zuggeräte;Feuerwehrleinen (Fangleinen);Feuerwehrleine 09/21/2;;9/21/2;
15;Anschlagmittel / Zuggeräte;Feuerwehrleinen (Fangleinen);Feuerwehrleine 27/18/2;;27/18/2;
16;Anschlagmittel / Zuggeräte;Feuerwehrleinen (Fangleinen);Feuerwehrleine 30/20/2;;30/20/2;
17;Anschlagmittel / Zuggeräte;Feuerwehrleinen (Fangleinen);Feuerwehrleine 21/18/2;;21/18/2;
18;Anschlagmittel / Zuggeräte;Feuerwehrleinen (Fangleinen);Feuerwehrleine 29/21/2;;29/21/2;
19;Anschlagmittel / Zuggeräte;Feuerwehrleinen (Fangleinen);Feuerwehrleine 24/19/2;;24/19/2;
20;Anschlagmittel / Zuggeräte;Feuerwehrleinen (Fangleinen);Feuerwehrleine 16/18/2;;16/18/2;
21;Anschlagmittel / Zuggeräte;Feuerwehrleinen (Fangleinen);Feuerwehrleine 10/2012;;Okt 12;
22;Anschlagmittel / Zuggeräte;Feuerwehrleinen (Fangleinen);Feuerwehrleine 09/20/2;;9/20/2;
23;Anschlagmittel / Zuggeräte;Feuerwehrleinen (Fangleinen);Feuerwehrleine 15/23/2;;15/23/2;
24;Anschlagmittel / Zuggeräte;Feuerwehrleinen (Fangleinen);Feuerwehrleine 20/2013;;20/2013;
25;Anschlagmittel / Zuggeräte;Feuerwehrleinen (Fangleinen);Feuerwehrleine 06/19/2;;6/19/2;
26;Anschlagmittel / Zuggeräte;Feuerwehrleinen (Fangleinen);Feuerwehrleine 12/18/2;;12/18/2;
27;Anschlagmittel / Zuggeräte;Feuerwehrleinen (Fangleinen);Feuerwehrleine 14/20/2;;14/20/2;
28;Anschlagmittel / Zuggeräte;Feuerwehrleinen (Fangleinen);Feuerwehrleine 26/17;;26/17;
29;Anschlagmittel / Zuggeräte;Feuerwehrleinen (Fangleinen);Feuerwehrleine 01/20/2;;1/20/2;
30;Anschlagmittel / Zuggeräte;Feuerwehrleinen (Fangleinen);Feuerwehrleine 23/18/2;;23/18/2;
31;Anschlagmittel / Zuggeräte;Feuerwehrleinen (Fangleinen);Feuerwehrleine 17/18/2;;17/18/2;
32;Anschlagmittel / Zuggeräte;Feuerwehrleinen (Fangleinen);Feuerwehrleine 32/20/2;;32/20/2;
33;Anschlagmittel / Zuggeräte;Feuerwehrleinen (Fangleinen);Feuerwehrleine 13/23/2;;13/23/2;
34;Anschlagmittel / Zuggeräte;Lastaufnahmeeinrichtung;Lastaufnahmesack 10-48-2 01;;2000000672;2000000672
35;Anschlagmittel / Zuggeräte;Leinenbeutel für Feuerwehrleine;Leinenbeutel 01;;;2000000690
36;Anschlagmittel / Zuggeräte;Leinenbeutel für Feuerwehrleine;Leinenbeutel PA 06;;2000000740;2000000740
37;Anschlagmittel / Zuggeräte;Leinenbeutel für Feuerwehrleine;Leinenbeutel 41;;;2000000738
38;Anschlagmittel / Zuggeräte;Leinenbeutel für Feuerwehrleine;Leinenbeutel Arbeitsleine 06;;;
39;Anschlagmittel / Zuggeräte;Leinenbeutel für Feuerwehrleine;Leinenbeutel Arbeitsleine 05;;;
40;Anschlagmittel / Zuggeräte;Leinenbeutel für Feuerwehrleine;Leinenbeutel Arbeitsleine 03;;;
41;Anschlagmittel / Zuggeräte;Leinenbeutel für Feuerwehrleine;Leinenbeutel Arbeitsleine 02;;;
42;Anschlagmittel / Zuggeräte;Leinenbeutel für Feuerwehrleine;Leinenbeutel Arbeitsleine 07;;;
43;Anschlagmittel / Zuggeräte;Leinenbeutel für Feuerwehrleine;Leinenbeutel Arbeitsleine 01;;;2000000738
44;Anschlagmittel / Zuggeräte;Leinenbeutel für Feuerwehrleine;Leinenbeutel Arbeitsleine 04;;;
45;Anschlagmittel / Zuggeräte;Leinenbeutel für Feuerwehrleine;Leinenbeutel Tragetuch 04;;;2000000732
46;Anschlagmittel / Zuggeräte;Leinenbeutel für Feuerwehrleine;Leinenbeutel Tragetuch 03;;;2000000731
47;Anschlagmittel / Zuggeräte;Leinenbeutel für Feuerwehrleine;Leinenbeutel Tragetuch 02;;;2000000730
48;Anschlagmittel / Zuggeräte;Leinenbeutel für Feuerwehrleine;Leinenbeutel PA 08;;2000000742;2000000742
49;Anschlagmittel / Zuggeräte;Leinenbeutel für Feuerwehrleine;Leinenbeutel Tragetuch 01;;;2000000729
50;Anschlagmittel / Zuggeräte;Leinenbeutel für Feuerwehrleine;Leinenbeutel 37;;;2000000726
51;Anschlagmittel / Zuggeräte;Leinenbeutel für Feuerwehrleine;Leinenbeutel PA 07;;2000000741;2000000741
52;Anschlagmittel / Zuggeräte;Leinenbeutel für Feuerwehrleine;Leinenbeutel PA 05;;2000000739;2000000739
53;Anschlagmittel / Zuggeräte;Leinenbeutel für Feuerwehrleine;Leinenbeutel 26;;;2000000715
54;Anschlagmittel / Zuggeräte;Leinenbeutel für Feuerwehrleine;Leinenbeutel 25;;;2000000714
55;Anschlagmittel / Zuggeräte;Leinenbeutel für Feuerwehrleine;Leinenbeutel 24;;;2000000713
56;Anschlagmittel / Zuggeräte;Leinenbeutel für Feuerwehrleine;Leinenbeutel 29;;;2000000718
57;Anschlagmittel / Zuggeräte;Leinenbeutel für Feuerwehrleine;Leinenbeutel 23;;;2000000712
58;Anschlagmittel / Zuggeräte;Leinenbeutel für Feuerwehrleine;Leinenbeutel 34;;;2000000723
59;Anschlagmittel / Zuggeräte;Leinenbeutel für Feuerwehrleine;Leinenbeutel 33;;;2000000722
60;Anschlagmittel / Zuggeräte;Leinenbeutel für Feuerwehrleine;Leinenbeutel 32;;;2000000721
61;Anschlagmittel / Zuggeräte;Leinenbeutel für Feuerwehrleine;Leinenbeutel 31;;;2000000720
62;Anschlagmittel / Zuggeräte;Leinenbeutel für Feuerwehrleine;Leinenbeutel 28;;;2000000717
63;Anschlagmittel / Zuggeräte;Leinenbeutel für Feuerwehrleine;Leinenbeutel 27;;;2000000716
64;Anschlagmittel / Zuggeräte;Leinenbeutel für Feuerwehrleine;Leinenbeutel 06;;;2000000695
65;Anschlagmittel / Zuggeräte;Leinenbeutel für Feuerwehrleine;Leinenbeutel 14;;;2000000703
66;Anschlagmittel / Zuggeräte;Leinenbeutel für Feuerwehrleine;Leinenbeutel 05;;;2000000694
67;Anschlagmittel / Zuggeräte;Leinenbeutel für Feuerwehrleine;Leinenbeutel PA 14;;2000000750;2000000750
68;Anschlagmittel / Zuggeräte;Leinenbeutel für Feuerwehrleine;Leinenbeutel PA 13;;2000000749;2000000749
69;Anschlagmittel / Zuggeräte;Leinenbeutel für Feuerwehrleine;Leinenbeutel PA 11;;2000000747;2000000747
70;Anschlagmittel / Zuggeräte;Leinenbeutel für Feuerwehrleine;Leinenbeutel 40;;;2000000737
71;Anschlagmittel / Zuggeräte;Leinenbeutel für Feuerwehrleine;Leinenbeutel PA 10;;2000000746;2000000746
72;Anschlagmittel / Zuggeräte;Leinenbeutel für Feuerwehrleine;Leinenbeutel 07;;;2000000696
73;Anschlagmittel / Zuggeräte;Leinenbeutel für Feuerwehrleine;Leinenbeutel 20;;;2000000709
74;Anschlagmittel / Zuggeräte;Leinenbeutel für Feuerwehrleine;Leinenbeutel 03;;;2000000692
75;Anschlagmittel / Zuggeräte;Leinenbeutel für Feuerwehrleine;Leinenbeutel 02;;;2000000691
76;Anschlagmittel / Zuggeräte;Leinenbeutel für Feuerwehrleine;Leinenbeutel 30;;;2000000719
77;Anschlagmittel / Zuggeräte;Leinenbeutel für Feuerwehrleine;Leinenbeutel 39;;;2000000728
78;Anschlagmittel / Zuggeräte;Leinenbeutel für Feuerwehrleine;Leinenbeutel 38;;;2000000727
79;Anschlagmittel / Zuggeräte;Leinenbeutel für Feuerwehrleine;Leinenbeutel PA 09;;2000000745;2000000745
80;Anschlagmittel / Zuggeräte;Leinenbeutel für Feuerwehrleine;Leinenbeutel PA 03;;2000000735;2000000735
81;Anschlagmittel / Zuggeräte;Leinenbeutel für Feuerwehrleine;Leinenbeutel PA 02;;2000000734;2000000734
82;Anschlagmittel / Zuggeräte;Leinenbeutel für Feuerwehrleine;Leinenbeutel 11;;;2000000700
83;Anschlagmittel / Zuggeräte;Leinenbeutel für Feuerwehrleine;Leinenbeutel PA 12;;2000000748;2000000748
84;Anschlagmittel / Zuggeräte;Leinenbeutel für Feuerwehrleine;Leinenbeutel PA 01;;2000000733;2000000733
85;Anschlagmittel / Zuggeräte;Leinenbeutel für Feuerwehrleine;Leinenbeutel PA 04;;2000000736;2000000736
86;Anschlagmittel / Zuggeräte;Leinenbeutel für Feuerwehrleine;Leinenbeutel 22;;;2000000711
87;Anschlagmittel / Zuggeräte;Leinenbeutel für Feuerwehrleine;Leinenbeutel 21;;;2000000710
88;Anschlagmittel / Zuggeräte;Leinenbeutel für Feuerwehrleine;Leinenbeutel 18;;;2000000707
89;Anschlagmittel / Zuggeräte;Leinenbeutel für Feuerwehrleine;Leinenbeutel 17;;;2000000706
90;Anschlagmittel / Zuggeräte;Leinenbeutel für Feuerwehrleine;Leinenbeutel 19;;;2000000708
91;Anschlagmittel / Zuggeräte;Leinenbeutel für Feuerwehrleine;Leinenbeutel 15;;;2000000704
92;Anschlagmittel / Zuggeräte;Leinenbeutel für Feuerwehrleine;Leinenbeutel 13;;;2000000702
93;Anschlagmittel / Zuggeräte;Leinenbeutel für Feuerwehrleine;Leinenbeutel 16;;;2000000705
94;Anschlagmittel / Zuggeräte;Leinenbeutel für Feuerwehrleine;Leinenbeutel 10;;;2000000699
95;Anschlagmittel / Zuggeräte;Leinenbeutel für Feuerwehrleine;Leinenbeutel 08;;;2000000697
96;Anschlagmittel / Zuggeräte;Leinenbeutel für Feuerwehrleine;Leinenbeutel 12;;;2000000701
97;Anschlagmittel / Zuggeräte;Leinenbeutel für Feuerwehrleine;Leinenbeutel 09;;;2000000698
98;Anschlagmittel / Zuggeräte;Leinenbeutel für Feuerwehrleine;Leinenbeutel 04;;;2000000693
99;Anschlagmittel / Zuggeräte;Leinenbeutel für Feuerwehrleine;Leinenbeutel 36;;;2000000725
100;Anschlagmittel / Zuggeräte;Leinenbeutel für Feuerwehrleine;Leinenbeutel 35;;;2000000724
101;Anschlagmittel / Zuggeräte;Mehrzweckzug;Mehrzweckzug 01 10-64-2;;;2000000244
102;Anschlagmittel / Zuggeräte;Rundschlingen;Rundschlinge 10-64-2 02;;;2000000575
103;Anschlagmittel / Zuggeräte;Rundschlingen;Rundschlinge 10-64-2 01;;;2000000574
104;Anschlagmittel / Zuggeräte;Rundschlingen;Rundschlinge 10-48-2 02;;;2000000615
105;Anschlagmittel / Zuggeräte;Rundschlingen;Rundschlinge 10-48-2 01;;;2000000563
106;Anschlagmittel / Zuggeräte;Schäkel;Schäkel 10-48-2 02;;;
107;Anschlagmittel / Zuggeräte;Schäkel;Schäkel 10-48-2  01;;;
108;Anschlagmittel / Zuggeräte;Schäkel;Schäkel 10-48-2 03;;;2000000611
109;Anschlagmittel / Zuggeräte;Schäkel;Schäkel 10-23-2 01;;;
110;Anschlagmittel / Zuggeräte;Schäkel;Schäkel 10-48-2 04;;;2000000612
111;Anschlagmittel / Zuggeräte;Schäkel;Schäkel 10-23-2 02;;;
112;Anschlagmittel / Zuggeräte;Seile/Ketten;Drahtseil 04;;;
113;Anschlagmittel / Zuggeräte;Seile/Ketten;Drahtseil 06;;;
114;Anschlagmittel / Zuggeräte;Seile/Ketten;Drahtseil 05;;;
115;Anschlagmittel / Zuggeräte;Seile/Ketten;Drahtseil 07;;;
116;Anschlagmittel / Zuggeräte;Seile/Ketten;Drahtseil 02;;;
117;Anschlagmittel / Zuggeräte;Seile/Ketten;Drahtseil 03;;;
118;Anschlagmittel / Zuggeräte;Seile/Ketten;Zugseil MZ 16 10-64-2;;;2000000416
119;Anschlagmittel / Zuggeräte;Seile/Ketten;Drahtseil 01;;;
120;Anschlagmittel / Zuggeräte;Sonstiges (Anschlagmittel / Zuggeräte);Festpunktkette 10-48-2 01;;;2000000613
121;Anschlagmittel / Zuggeräte;Sonstiges (Anschlagmittel / Zuggeräte);Festpunktkette 10-48-2 02;;;2000000614
122;Anschlagmittel / Zuggeräte;Umlenkrolle;Umlenkrolle 01 10-64-2;;;2000000418
123;Anschlagmittel / Zuggeräte;Umlenkrolle;Umlenkrolle 02 10-64-2;;;2000000417
124;Anschlagmittel / Zuggeräte;Zurrgurte;Zurrnetz 10-78-01 01;;;2000000657
125;Anschlagmittel / Zuggeräte;Zurrgurte;Automatikzurrgut 10-78-2 01;;;2000000658
126;Anschlagmittel / Zuggeräte;Zurrgurte;Automatikzurrgut 10-78-2 04;;;2000000661
127;Anschlagmittel / Zuggeräte;Zurrgurte;Automatikzurrgut 10-78-2 02;;;2000000659
128;Anschlagmittel / Zuggeräte;Zurrgurte;Automatikzurrgut 10-78-2 03;;;2000000660
129;Anschlagmittel / Zuggeräte;Zurrgurte / Ratschengurte;Zurrgurt 10-64-2 04;;;2000000567
130;Anschlagmittel / Zuggeräte;Zurrgurte / Ratschengurte;Zurrgurt 10-78-2 04;;;2000000570
131;Anschlagmittel / Zuggeräte;Zurrgurte / Ratschengurte;Zurrgurt 10-78-2 03;;;2000000565
132;Anschlagmittel / Zuggeräte;Zurrgurte / Ratschengurte;Zurrgurt 10-48-2 01;;;2000000620
133;Anschlagmittel / Zuggeräte;Zurrgurte / Ratschengurte;Zurrgurt 10-48-2 04;;;2000000623
134;Anschlagmittel / Zuggeräte;Zurrgurte / Ratschengurte;Zurrgurt 10-48-2 03;;;2000000622
135;Anschlagmittel / Zuggeräte;Zurrgurte / Ratschengurte;Zurrgurt 10-48-2 02;;;2000000621
136;Anschlagmittel / Zuggeräte;Zurrgurte / Ratschengurte;Quickloader Rescue 10-48-2 02;;;2000000625
137;Anschlagmittel / Zuggeräte;Zurrgurte / Ratschengurte;Quickloader Rescue 10-48-2 01;;;2000000624
138;Anschlagmittel / Zuggeräte;Zurrgurte / Ratschengurte;Zurrgurt 10-64-2 08;;;2000000573
139;Anschlagmittel / Zuggeräte;Zurrgurte / Ratschengurte;Zurrgurt 10-78-2 05;;;2000000564
140;Anschlagmittel / Zuggeräte;Zurrgurte / Ratschengurte;Zurrgurt 10-78-2 02;;;2000000571
141;Anschlagmittel / Zuggeräte;Zurrgurte / Ratschengurte;Zurrgurt GH 02;;;2000000572
142;Anschlagmittel / Zuggeräte;Zurrgurte / Ratschengurte;Zurrgurt 10-64-2 03;;;2000000566
143;Anschlagmittel / Zuggeräte;Zurrgurte / Ratschengurte;Zurrgurt 10-64-2 09;;;2000000654
144;Anschlagmittel / Zuggeräte;Zurrgurte / Ratschengurte;Zurrgurt 10-64-2 05;;;2000000568
145;Anschlagmittel / Zuggeräte;Zurrgurte / Ratschengurte;Zurrgurt 10-64-2 06;;;2000000569
146;Anschlagmittel / Zuggeräte;Zurrgurte / Ratschengurte;Zurrgurt 10-78-2 01;;;2000000656
147;Anschlagmittel / Zuggeräte;Zurrgurte / Ratschengurte;Zurrgurt 10-64-2 10;;;2000000655
148;Beleuchtungsgeräte / Leitungsroller;Anschlussleitungen;Anschlussleitung 400V 10m 01;;;2000000631
149;Beleuchtungsgeräte / Leitungsroller;Arbeitsleuchten;Arbeitsleuchte 10-48-2 01;;;2000000052
150;Beleuchtungsgeräte / Leitungsroller;Aufnahmebrücken;Aufnahmebrücke 01 10-64-2;;;2000000213
151;Beleuchtungsgeräte / Leitungsroller;Aufnahmebrücken;Aufnahmebrücke 02;;;2000000053
152;Beleuchtungsgeräte / Leitungsroller;Aufnahmebrücken;Aufnahmebrücke 01 10-23-2;;;2000000288
153;Beleuchtungsgeräte / Leitungsroller;Beleuchtungsballon (Powermoon);Powermoon 10-11-2 01;;2000000533;2000000533
154;Beleuchtungsgeräte / Leitungsroller;Beleuchtungsbrücke;Beleuchtungsbrücke 03;;;2000000628
155;Beleuchtungsgeräte / Leitungsroller;Beleuchtungsbrücke;Beleuchtungsbrücke 01 10-23-2;;;2000000289
156;Beleuchtungsgeräte / Leitungsroller;Beleuchtungsbrücke;Beleuchtungsbrücke 01;;;2000000214
157;Beleuchtungsgeräte / Leitungsroller;Flutlichtstrahler;Flutlichtstrahler 03;;;2000000201
158;Beleuchtungsgeräte / Leitungsroller;Flutlichtstrahler;Flutlichtstrahler 10-23-2 01;;;2000000596
159;Beleuchtungsgeräte / Leitungsroller;Flutlichtstrahler;Flutlichtstrahler 04;;;2000000635
160;Beleuchtungsgeräte / Leitungsroller;Flutlichtstrahler;Flutlichtstrahler 01 10-48-2;;;2000000351
161;Beleuchtungsgeräte / Leitungsroller;Flutlichtstrahler;Flutlichtstrahler 10-23-2 02;;;2000000597
162;Beleuchtungsgeräte / Leitungsroller;Flutlichtstrahler;Flutlichtstrahler 02 10-48-2;;;2000000350
163;Beleuchtungsgeräte / Leitungsroller;Handscheinwerfer ADALIT;Handscheinwerfer Adalit 10-11-2 01;;2000000576;2000000576
164;Beleuchtungsgeräte / Leitungsroller;Handscheinwerfer ADALIT;Handscheinwerfer Adalit 10-11-2 02;;2000000577;2000000577
165;Beleuchtungsgeräte / Leitungsroller;Handscheinwerfer ADALIT;Handscheinwerfer Adalit 10-48-2 04;;;2000000522
166;Beleuchtungsgeräte / Leitungsroller;Handscheinwerfer ADALIT;Handscheinwerfer Adalit 10-23-2 01;;;2000000177
167;Beleuchtungsgeräte / Leitungsroller;Handscheinwerfer ADALIT;Handscheinwerfer Adalit 10-64-2 01;;;2000000491
168;Beleuchtungsgeräte / Leitungsroller;Handscheinwerfer ADALIT;Handscheinwerfer Adalit 10-23-2 02;;;2000000176
169;Beleuchtungsgeräte / Leitungsroller;Handscheinwerfer ADALIT;Handscheinwerfer Adalit 10-23-2 03;;;2000000489
170;Beleuchtungsgeräte / Leitungsroller;Handscheinwerfer ADALIT;Handscheinwerfer Adalit 10-48-2 01;;;2000000117
171;Beleuchtungsgeräte / Leitungsroller;Handscheinwerfer ADALIT;Handscheinwerfer Adalit 10-48-2 03;;;2000000106
172;Beleuchtungsgeräte / Leitungsroller;Handscheinwerfer ADALIT;Handscheinwerfer Adalit 10-23-2 04;;;2000000490
173;Beleuchtungsgeräte / Leitungsroller;Handscheinwerfer ADALIT;Handscheinwerfer Adalit 10-64-2 02;;;2000000492
174;Beleuchtungsgeräte / Leitungsroller;Handscheinwerfer ADALIT;Handscheinwerfer Adalit 10-17-2 02;;;2000000581
175;Beleuchtungsgeräte / Leitungsroller;Handscheinwerfer ADALIT;Handscheinwerfer Adalit 10-17-2 01;;;2000000580
176;Beleuchtungsgeräte / Leitungsroller;Handscheinwerfer ADALIT;Handscheinwerfer Adalit 10-48-2 02;;;2000000105
177;Beleuchtungsgeräte / Leitungsroller;Handscheinwerfer EISEMANN;Handscheinwerfer Eisemann10-64-2 01;;;2000000184
178;Beleuchtungsgeräte / Leitungsroller;Handscheinwerfer EISEMANN;Handscheinwerfer Eisemann10-48-2 01;;;2000000107
179;Beleuchtungsgeräte / Leitungsroller;Handscheinwerfer EISEMANN;Handscheinwerfer Eisemann10-64-2 04;;;2000000592
180;Beleuchtungsgeräte / Leitungsroller;Handscheinwerfer EISEMANN;Handscheinwerfer Eisemann10-64-2 02;;;2000000187
181;Beleuchtungsgeräte / Leitungsroller;Handscheinwerfer EISEMANN;Handscheinwerfer Eisemann10-64-2 03;;;2000000186
182;Beleuchtungsgeräte / Leitungsroller;Handscheinwerfer EISEMANN;Handscheinwerfer Eisemann10-23-2 04;;;2000000174
183;Beleuchtungsgeräte / Leitungsroller;Handscheinwerfer EISEMANN;Handscheinwerfer Eisemann10-48-2 02;;;2000000108
184;Beleuchtungsgeräte / Leitungsroller;Handscheinwerfer EISEMANN;Handscheinwerfer Eisemann10-23-2 01;;;2000000171
185;Beleuchtungsgeräte / Leitungsroller;Handscheinwerfer EISEMANN;Handscheinwerfer Eisemann10-23-2 02;;;2000000172
186;Beleuchtungsgeräte / Leitungsroller;Handscheinwerfer EISEMANN;Handscheinwerfer Eisemann10-23-2 03;;;2000000173
187;Beleuchtungsgeräte / Leitungsroller;Ladegeräte für Handlampen;Ladegerät 01;;2000000578;2000000578
188;Beleuchtungsgeräte / Leitungsroller;Leitungsroller;Leitungsroller 07;;;2000000630
189;Beleuchtungsgeräte / Leitungsroller;Leitungsroller;Leitungsroller 10-48-2 02;;;2000000602
190;Beleuchtungsgeräte / Leitungsroller;Leitungsroller;Leitungsroller 10-23-2 02;;;2000000599
191;Beleuchtungsgeräte / Leitungsroller;Leitungsroller;Leitungsroller 10-23-2 01;;;2000000598
192;Beleuchtungsgeräte / Leitungsroller;Leitungsroller;Leitungsroller 03 10-64-2;;;2000000634
193;Beleuchtungsgeräte / Leitungsroller;Leitungsroller;Leitungsroller 01 10-64-2;;;2000000633
194;Beleuchtungsgeräte / Leitungsroller;Leitungsroller;Leitungsroller 02 10-64-2;;;2000000632
195;Beleuchtungsgeräte / Leitungsroller;Leitungsroller;Leitungsroller 10-48-2 01;;;2000000601
196;Beleuchtungsgeräte / Leitungsroller;Sonstiges (Bel.geräte / Leitungsroller);Stromverteiler 10-23-02 01;;;2000000629
197;Beleuchtungsgeräte / Leitungsroller;Sonstiges (Bel.geräte / Leitungsroller);Stromverteiler 03;;;2000000642
198;Beleuchtungsgeräte / Leitungsroller;Sonstiges (Bel.geräte / Leitungsroller);Powermoon Netzteil 10-11-2 01;;;2000000493
199;Beleuchtungsgeräte / Leitungsroller;Sonstiges (Bel.geräte / Leitungsroller);Stromverteiler 02;;;2000000636
200;Beleuchtungsgeräte / Leitungsroller;Sonstiges (Bel.geräte / Leitungsroller);Fehlerstromschutzschalter10-48-2 02;;;2000000604
201;Beleuchtungsgeräte / Leitungsroller;Sonstiges (Bel.geräte / Leitungsroller);Fehlerstromschutzschalter10-64-1 01;;;2000000638
202;Beleuchtungsgeräte / Leitungsroller;Sonstiges (Bel.geräte / Leitungsroller);Stromverteiler 10-48-2 01;;210909;2000000603
203;Beleuchtungsgeräte / Leitungsroller;Stative;Stativ 03;;;2000000216
204;Beleuchtungsgeräte / Leitungsroller;Stative;Stativ 02;;;2000000063
205;Beleuchtungsgeräte / Leitungsroller;Stative;Stativ 04;;;2000000215
206;Beleuchtungsgeräte / Leitungsroller;Stative;Stativ 10-64-2 01;;;2000000512
207;Beleuchtungsgeräte / Leitungsroller;Stative;Stativ 01 10-23-2;;;2000000290
208;Beleuchtungsgeräte / Leitungsroller;Steckverbindungen Strom;Adapter 10-64-2 01;;;2000000645
209;Gasmesstechnik;Dräger Pac 6000 / 6500 / 7000 / 8000 / 8500;Pac 6500 AED Zug 2;;6694984;6694984
210;Gasmesstechnik;Dräger Pac 6000 / 6500 / 7000 / 8000 / 8500;Dräger Pac 6500;;5902663;5902663
211;Gasmesstechnik;Dräger x-am 5000;Dräger X-am 5000 10-23-2 01;;6130527;6130527
212;Gasmesstechnik;Dräger x-am 5000;Dräger X-am 5000 10-48-2 01;;1472004;1472004
213;Gasmesstechnik;Dräger x-am 5600;Dräger X-am 5800, Zug 2;;7793058;7793058
214;Gasmesstechnik;Sonstiges (Gasmesstechnik);Windmesser 01;;;
215;Gefahrgutausrüstung;Abdichtungsmittel und -geräte;Abdichtmaterial;;;
216;Gefahrgutausrüstung;Armaturen für Gefahrguteinsätze;Übergangsstück TKW 01 10-64-2;;;2000000419
217;Gefahrgutausrüstung;Auffang- und Arbeitsgeräte;Bindemittelsammelsieb 01 10-64-2;;;2000000248
218;Gefahrgutausrüstung;Flüssigkeitssperren;Magnetkanalabdeckung 04;;;
219;Gefahrgutausrüstung;Flüssigkeitssperren;Flüssigkeitssperre 03;;;
220;Gefahrgutausrüstung;Flüssigkeitssperren;Flüssigkeitssperre 04;;;
221;Gefahrgutausrüstung;Flüssigkeitssperren;Flüssigkeitssperre 05;;;
222;Gefahrgutausrüstung;Flüssigkeitssperren;Magnetkanalabdeckung 01;;;
223;Gefahrgutausrüstung;Flüssigkeitssperren;Magnetkanalabdeckung 03;;;
224;Gefahrgutausrüstung;Flüssigkeitssperren;Magnetkanalabdeckung 02;;;
225;Gefahrgutausrüstung;Flüssigkeitssperren;Flüssigkeitssperre 01;;;2000000086
226;Gefahrgutausrüstung;Flüssigkeitssperren;Gullydichtkissen 01 10-64-2;;;2000000249
227;Gefahrgutausrüstung;Flüssigkeitssperren;Gullydichtkissen 02 10-64-2;;;2000000250
228;Gefahrgutausrüstung;Flüssigkeitssperren;Flüssigkeitssperre 02;;;2000000086
229;Gefahrgutausrüstung;Gefahrgutpumpen;Ansaugrohr 03 10-64-2;;;2000000253
230;Gefahrgutausrüstung;Gefahrgutpumpen;Ansaugrohr 02 10-64-2;;;2000000254
231;Gefahrgutausrüstung;Gefahrgutpumpen;Fasspumpe 01 10-64-2;;;2000000644
232;Gefahrgutausrüstung;Gefahrgutpumpen;Ansaugrohr 01 10-64-2;;;2000000252
233;Gefahrgutausrüstung;Gefahrgutpumpen;Handmembranpumpe 01 10-64-2;;;2000000251
234;Gefahrgutausrüstung;Ölsperren;Ölsperre blau;;;
235;Gefahrgutausrüstung;Ölsperren;Ölsperre schwimmend;;;
236;Gefahrgutausrüstung;Ölsperren;Ölsperre 01;;;2000000425
237;Gefahrgutausrüstung;Ölwehrgeräte;Druckspritze 03;;;2000000428
238;Gefahrgutausrüstung;Ölwehrgeräte;Druckspritze 05;;;2000000430
239;Gefahrgutausrüstung;Ölwehrgeräte;Druckspritze 02;;;2000000427
240;Gefahrgutausrüstung;Ölwehrgeräte;Streuwagen 01;;;2000000223
241;Gefahrgutausrüstung;Ölwehrgeräte;Druckspritze 01;;;2000000426
242;Gefahrgutausrüstung;Ölwehrgeräte;Druckspritze 04;;;2000000429
243;Gefahrgutausrüstung;Schläuche für Gefahrguteinsätze;Schlauch Gefahrgut 03;;;
244;Gefahrgutausrüstung;Schläuche für Gefahrguteinsätze;Saugleitung für Gefahrgut 04;;;
245;Gefahrgutausrüstung;Schläuche für Gefahrguteinsätze;Schlauch Gefahrgut 01;;;
246;Gefahrgutausrüstung;Schläuche für Gefahrguteinsätze;Schlauch Gefahrgut 05;;;
247;Gefahrgutausrüstung;Schläuche für Gefahrguteinsätze;Schlauch Gefahrgut 04;;;
248;Gefahrgutausrüstung;Schläuche für Gefahrguteinsätze;Schlauch Gefahrgut 06;;;
249;Gefahrgutausrüstung;Schläuche für Gefahrguteinsätze;Saugleitung für Gefahrgut 01;;;
250;Gefahrgutausrüstung;Schläuche für Gefahrguteinsätze;Schlauch Gefahrgut 02;;;
251;Gefahrgutausrüstung;Schläuche für Gefahrguteinsätze;Saugleitung für Gefahrgut 02;;;
252;Gefahrgutausrüstung;Schläuche für Gefahrguteinsätze;Saugleitung für Gefahrgut 03;;;
253;Gefahrgutausrüstung;Sonstiges (Gefahrgutausrüstung);Chemieschutzanzug 03;;;
254;Gefahrgutausrüstung;Sonstiges (Gefahrgutausrüstung);Chemieschutzanzug 04;;;
255;Gefahrgutausrüstung;Sonstiges (Gefahrgutausrüstung);Chemieschutzanzug 02;;;
256;Gefahrgutausrüstung;Sonstiges (Gefahrgutausrüstung);Chemieschutzanzug 01;;;
257;Gefahrgutausrüstung;Zurrgurte / Ratschengurte;Ratschengurt 10-48-2 01;;;2000000352
258;Gefahrgutausrüstung;Zurrgurte / Ratschengurte;Ratschengurt 10-48-2 02;;;2000000579
259;Gefahrgutausrüstung;Zurrgurte / Ratschengurte;Ratschengurt 10-48-2 03;;;2000000354
260;Gefahrgutausrüstung;Zurrgurte / Ratschengurte;Ratschengurt 10-48-2 04;;;2000000355
261;Gerätehausausstattung;Abgasabsauganlage;Abgasabsauganlage, Zug 2;;;
262;Gerätehausausstattung;EDV-Ausstattung;Drucker Gerätehaus 02;;;2000000607
263;Gerätehausausstattung;EDV-Ausstattung;Tablet 10-23-2 01;;;2000000287
264;Gerätehausausstattung;EDV-Ausstattung;Drucker Gerätehaus 01;;;2000000606
265;Gerätehausausstattung;EDV-Ausstattung;Tablet 10-11-2 01;;;2000000285
266;Gerätehausausstattung;EDV-Ausstattung;Laptop Gerätehaus 01;;;R6300764
267;Gerätehausausstattung;EDV-Ausstattung;Tablet 10-48-2 01;;;2000000286
268;Gerätehausausstattung;Flurförderfahrzeuge;Hubwagen 10-00-2 01;;2000000671;2000000671
269;Gerätehausausstattung;Kraftstoff - Trolley;Kraftstofftrolley GH 01;;2000000743;2000000743
270;Gerätehausausstattung;Nebelmaschinen;Nebelmaschine 01;;;2000000496
271;Gerätehausausstattung;Sonstiges (Gerätehausausstattung);Heizung Viessmann;;;
272;Gerätehausausstattung;Sonstiges (Gerätehausausstattung);Lautsprecher 01;;;2000000813
273;Gerätehausausstattung;Tore, kraftbetätigt;Rolltore ( 5 ), Zug 2;;2000000669;2000000669
274;Gerätehausausstattung;Tore, kraftbetätigt;Rolltore ( 1 ), Zug 2;;2000000665;2000000665
275;Gerätehausausstattung;Tore, kraftbetätigt;Rolltore ( 2 ), Zug 2;;2000000666;2000000666
276;Gerätehausausstattung;Tore, kraftbetätigt;Rolltore ( 3 ), Zug 2;;2000000667;2000000667
277;Gerätehausausstattung;Tore, kraftbetätigt;Rolltore ( 4 ), Zug 2;;2000000668;2000000668
278;Gerätehausausstattung;Transponder Schließsystem;Trans 055, Zug 2;;Trans 055;02XC05D
279;Gerätehausausstattung;Transponder Schließsystem;Trans 056, Zug 2;;Trans 056;01XF37M
280;Gerätehausausstattung;Transponder Schließsystem;Trans 053, Zug 2;;Trans 053;02XBEMP
281;Gerätehausausstattung;Transponder Schließsystem;Trans 054, Zug 2;;Trans 054;02XCC89
282;Hydraulische Geräte;Motorpumpen-Aggregat (Elektromotor);Hydraulikpumpe 10-48-2 01;;2000000768;2000000768
283;Hydraulische Geräte;Motorpumpen-Aggregat (Elektromotor);Hydraulikpumpe 10-64-2 01;;2000000004;2000000004
284;Hydraulische Geräte;Rettungszylinder;Rettungszylinder 10-48-2 01;;41226511;2000000001
285;Hydraulische Geräte;Rettungszylinder;Rettungszylinder 10-48-2 02;;41226521;2000000002
286;Hydraulische Geräte;Rettungszylinder;Rettungszylinder 10-48-2 03;;41226531;2000000003
287;Hydraulische Geräte;Schneidgeräte;Rettungsschere 10-48-2 01;;2000000766;2000000766
288;Hydraulische Geräte;Schneidgeräte;Rettungsschere 10-64-2 01;;2000000005;2000000005
289;Hydraulische Geräte;Schneidgeräte;Rettungsschere 10-48-2 02;;41226911;2000000012
290;Hydraulische Geräte;Schwelleraufsatz;Schwelleraufsatz 10-48-2 01;;;2000000031
291;Hydraulische Geräte;Spreizer;Spreizer 10-64-2 01;;2000000006;2000000006
292;Hydraulische Geräte;Spreizer;Spreizer 10-48-2 01;;2000000767;2000000767
293;IuK-Technik;Drucker / Scanner / Fax;Drucker 10-11-2 01;;;2000000247
294;IuK-Technik;PC  / Car-PC;PC 10-11-2 02;;;R6216683
295;IuK-Technik;PC  / Car-PC;PC 10-11-2 01;;;R6216685
296;IuK-Technik;Router / Switch / Gateway / Firewall;Router 10-11-2 01;;;2000000284
297;Löschgeräte / Armaturen;Feuerlöscher CO2;Feuerlöscher CO2 10-48-2;;2000000093;2000000093
298;Löschgeräte / Armaturen;Feuerlöscher CO2;Feuerlöscher CO2 5kg Schlauchlager;;2000000485;2000000485
299;Löschgeräte / Armaturen;Feuerlöscher CO2;Feuerlöscher CO2 10-23-2,1;;2000000159;2000000159
300;Löschgeräte / Armaturen;Feuerlöscher CO2;CO2 Löscher 2kg Schlauchlager;;2000000551;2000000551
301;Löschgeräte / Armaturen;Feuerlöscher CO2;Feuerlöscher CO2 10-23-2,2;;2000000158;2000000158
302;Löschgeräte / Armaturen;Feuerlöscher PG 12;Feuerlöscher PG12 10-17-2;;2000000495;2000000495
303;Löschgeräte / Armaturen;Feuerlöscher PG 12;Feuerlöscher PG12 GH Zug2 Werkst.;;2000000431;2000000431
304;Löschgeräte / Armaturen;Feuerlöscher PG 12;Feuerlöscher PG12 10-11-2;;2000000494;2000000494
305;Löschgeräte / Armaturen;Feuerlöscher PG 12;Feuerlöscher PG12 GH Zug2 Keller;;2000000432;2000000432
306;Löschgeräte / Armaturen;Feuerlöscher PG 12;Feuerlöscher PG12 10-23-2;;2000000157;2000000157
307;Löschgeräte / Armaturen;Feuerlöscher PG 6;Feuerlöscher PG6 10-48-2,1;;2000000090;2000000090
308;Löschgeräte / Armaturen;Feuerlöscher PG 6;Feuerlöscher PG6 GH;;2000000281;2000000281
309;Löschgeräte / Armaturen;Feuerlöscher PG 6;Feuerlöscher PG6 10-48-2,2;;2000000091;2000000091
310;Löschgeräte / Armaturen;Feuerlöscher PG 6;Feuerlöscher PG6 Schlauchlager;;2000000483;2000000483
311;Löschgeräte / Armaturen;Feuerlöscher SK 9;Feuerlöscher SK9 10-64-2;;2000000217;2000000217
312;Löschgeräte / Armaturen;Feuerlöscher SK 9;Schaumlöscher 01 10-48-2;;;2000000089
313;Löschgeräte / Armaturen;Feuerlöscher SK 9;Feuerlöscher SK9 Fahrzeughalle Nr10;;2000000744;2000000744
314;Löschgeräte / Armaturen;Hohlstrahlrohre, allgemein;Hohlstrahlrohr C 07 10-48-2;;2000000763;2000000763
315;Löschgeräte / Armaturen;Hohlstrahlrohre, allgemein;Hohlstrahlrohr C 02 10-23-2;;;2000000131
316;Löschgeräte / Armaturen;Hohlstrahlrohre, allgemein;Hohlstrahlrohr C 06 10-48-2;;;2000000356
317;Löschgeräte / Armaturen;Hohlstrahlrohre, allgemein;Hohlstrahlrohr C 05 10-48-2;;;2000000041
318;Löschgeräte / Armaturen;Hohlstrahlrohre, allgemein;Hohlstrahlrohr C 03 10-23-2;;;2000000357
319;Löschgeräte / Armaturen;Hohlstrahlrohre, allgemein;Hohlstrahlrohr B 02;;;2000000043
320;Löschgeräte / Armaturen;Hohlstrahlrohre, allgemein;Hohlstrahlrohr C 04 10-48-2;;;2000000039
321;Löschgeräte / Armaturen;Hohlstrahlrohre, allgemein;Hohlstrahlrohr C 01;;2000000037;2000000037
322;Löschgeräte / Armaturen;Hohlstrahlrohre, allgemein;Hohlstrahlrohr C 03 10-48-2;;;2000000040
323;Löschgeräte / Armaturen;Hohlstrahlrohre, allgemein;Hohlstrahlrohr B 01;;;2000000042
324;Löschgeräte / Armaturen;Hohlstrahlrohre, allgemein;Hohlstrahlrohr C 01 10-23-2;;;2000000145
325;Löschgeräte / Armaturen;Hohlstrahlrohre, allgemein;Hohlstrahlrohr C 02 10-48-2;;;2000000038
326;Löschgeräte / Armaturen;Kübelspritze A10;Kübelspritze 03;;;2000000586
327;Löschgeräte / Armaturen;Kübelspritze A10;Kübelspritze 02;;;2000000092
328;Löschgeräte / Armaturen;Löschdecken, Schweißerschutzdecken;Löschdecke 02;;;2000000433
329;Löschgeräte / Armaturen;Löschdecken, Schweißerschutzdecken;Löschdecke 01;;;
330;Löschgeräte / Armaturen;Löschlanze;Löschlanze 01;;;
331;Löschgeräte / Armaturen;Monitore, Hydroschilder;Monitor 01 10-48-2;;;2000000267
332;Löschgeräte / Armaturen;Monitore, Hydroschilder;Verbindungsstück für Dachmonitor;;;2000000272
333;Löschgeräte / Armaturen;Monitore, Hydroschilder;Monitor 01 10-23-2;;;2000000134
334;Löschgeräte / Armaturen;Rauchabschlüsse;Rauchabschluss 02;;;2000000047
335;Löschgeräte / Armaturen;Rauchabschlüsse;Rauchabschluss 01 10-23-2;;;2000000136
336;Löschgeräte / Armaturen;Rückflussverhinderer / Systemtrenner;Rückflussverhinderer 03;;;2000000099
337;Löschgeräte / Armaturen;Rückflussverhinderer / Systemtrenner;Rückflussverhinderer 02;;;2000000147
338;Löschgeräte / Armaturen;Rückflussverhinderer / Systemtrenner;Rückflussverhinderer 04;;;2000000097
339;Löschgeräte / Armaturen;Rückflussverhinderer / Systemtrenner;Rückflussverhinderer 01 10-23-2;;;2000000135
340;Löschgeräte / Armaturen;Saugkörbe und Zubehör für Löschgeräte / Armarturen;Schmutzkorb 01 10-48-2;;;
341;Löschgeräte / Armaturen;Saugkörbe und Zubehör für Löschgeräte / Armarturen;Schmutzkorb 03;;;
342;Löschgeräte / Armaturen;Saugkörbe und Zubehör für Löschgeräte / Armarturen;Saugkorb 02 10-48-2;;;2000000048
343;Löschgeräte / Armaturen;Saugkörbe und Zubehör für Löschgeräte / Armarturen;Saugkorb 01 10-23-2;;;2000000297
344;Löschgeräte / Armaturen;Saugkörbe und Zubehör für Löschgeräte / Armarturen;Schmutzkorb 01 10-23-2;;;
345;Löschgeräte / Armaturen;Saugkörbe und Zubehör für Löschgeräte / Armarturen;Saugkorb 01 10-48-2;;;2000000358
346;Löschgeräte / Armaturen;Saugkörbe und Zubehör für Löschgeräte / Armarturen;Schwimmer für Saugkorb 01 10-23-2;;;2000000359
347;Löschgeräte / Armaturen;Saugkörbe und Zubehör für Löschgeräte / Armarturen;Saugkorb 04;;;2000000434
348;Löschgeräte / Armaturen;Saugschläuche;Saugschlauch 07;;;
349;Löschgeräte / Armaturen;Saugschläuche;Saugschlauch 03;;;
350;Löschgeräte / Armaturen;Saugschläuche;Saugschlauch 02;;;
351;Löschgeräte / Armaturen;Saugschläuche;Saugschlauch 01;;;
352;Löschgeräte / Armaturen;Saugschläuche;Saugschlauch 04;;;
353;Löschgeräte / Armaturen;Saugschläuche;Saugschlauch 05;;;
354;Löschgeräte / Armaturen;Saugschläuche;Saugschlauch 06;;;
355;Löschgeräte / Armaturen;Saugschläuche;Saugschlauch 08;;;
356;Löschgeräte / Armaturen;Saugschläuche;Saugschlauch 09;;;
357;Löschgeräte / Armaturen;Saugschläuche;Saugschlauch 10;;;
358;Löschgeräte / Armaturen;Saugschläuche;Saugschlauch 11;;;
359;Löschgeräte / Armaturen;Saugschläuche;Saugschlauch 12;;;
360;Löschgeräte / Armaturen;Saugschläuche;Saugschlauch 13;;;
361;Löschgeräte / Armaturen;Saugschläuche;Saugschlauch 14;;;
362;Löschgeräte / Armaturen;Saugschläuche;Saugschlauch 15;;;
363;Löschgeräte / Armaturen;Saugschläuche;Saugschlauch 16;;;
364;Löschgeräte / Armaturen;Saugschläuche;Saugschlauch 17;;;
365;Löschgeräte / Armaturen;Schaumgeräte, allgemein;Schaumrohr 01 10-48-2;;;2000000271
366;Löschgeräte / Armaturen;Schaumgeräte, allgemein;Schaumrohr 06;;;2000000435
367;Löschgeräte / Armaturen;Schaumgeräte, allgemein;Schaumrohr 07;;;2000000436
368;Löschgeräte / Armaturen;Schaumgeräte, allgemein;Schaummittelkanister 01 10-23-2;;;2000000291
369;Löschgeräte / Armaturen;Schaumgeräte, allgemein;Schaummittelkanister 02 10-23-2;;;2000000292
370;Löschgeräte / Armaturen;Schaumgeräte, allgemein;Schaumrohr 08;;;2000000438
371;Löschgeräte / Armaturen;Schaumgeräte, allgemein;Ansaugschlauch D 01;;;2000000087
372;Löschgeräte / Armaturen;Schaumgeräte, allgemein;Zumischer 01;;;2000000162
373;Löschgeräte / Armaturen;Schaumgeräte, allgemein;Schaummittelkanister 03 10-23-2;;;2000000293
374;Löschgeräte / Armaturen;Schaumgeräte, allgemein;Ansaugschlauch D 03;;;2000000439
375;Löschgeräte / Armaturen;Schaumgeräte, allgemein;Ansaugschlauch D 04;;;
376;Löschgeräte / Armaturen;Schaumgeräte, allgemein;Schaumrohr 01;;;2000000161
377;Löschgeräte / Armaturen;Schaumgeräte, allgemein;Firedos 01;;;2000000437
378;Löschgeräte / Armaturen;Schaumgeräte, allgemein;Schaummittelkanister 06 10-23-2;;;2000000296
379;Löschgeräte / Armaturen;Schaumgeräte, allgemein;Schaumrohr 03;;;2000000180
380;Löschgeräte / Armaturen;Schaumgeräte, allgemein;Ansaugschlauch D 02;;;2000000298
381;Löschgeräte / Armaturen;Schaumgeräte, allgemein;Schaummittelkanister 05 10-23-2;;;2000000295
382;Löschgeräte / Armaturen;Schaumgeräte, allgemein;Schaumrohr 02;;;2000000163
383;Löschgeräte / Armaturen;Schaumgeräte, allgemein;Schaumrohr 02 10-48-2;;;2000000081
384;Löschgeräte / Armaturen;Schaumgeräte, allgemein;Schaummittelkanister 04 10-23-2;;;2000000294
385;Löschgeräte / Armaturen;Schlauchhaspel;Schlauchhaspel 01 10-48-2;;;2000000300
386;Löschgeräte / Armaturen;Schlauchhaspel;Schlauchtragekorb 08;;;2000000440
387;Löschgeräte / Armaturen;Schlauchhaspel;Schlauchtragekorb 04 10-23-2;;;2000000141
388;Löschgeräte / Armaturen;Schlauchhaspel;Schlauchtragekorb 04 10-48-2;;;2000000102
389;Löschgeräte / Armaturen;Schlauchhaspel;Schlauchtragekorb 03 10-48-2;;;2000000103
390;Löschgeräte / Armaturen;Schlauchhaspel;Schlauchtragekorb 02 10-48-2;;;2000000104
391;Löschgeräte / Armaturen;Schlauchhaspel;Schlauchtragekorb 01 10-48-2;;;2000000101
392;Löschgeräte / Armaturen;Schlauchhaspel;Schlauchtragekorb 01 10-23-2;;;2000000142
393;Löschgeräte / Armaturen;Schlauchhaspel;Schlauchtragekorb 10;;;2000000441
394;Löschgeräte / Armaturen;Schlauchhaspel;Schlauchtragekorb 03 10-23-2;;;2000000144
395;Löschgeräte / Armaturen;Schlauchhaspel;Schlauchtragekorb 02 10-23-2;;;2000000143
396;Löschgeräte / Armaturen;Schlauchhaspel;Schlauchhaspel 01 10-23-2;;;2000000299
397;Löschgeräte / Armaturen;Schlüssel, Schachtdeckelheber;Hydrantenschlüssel 01 10-23-2;;;2000000153
398;Löschgeräte / Armaturen;Schlüssel, Schachtdeckelheber;Hydrantenschlüssel 07;;;2000000098
399;Löschgeräte / Armaturen;Schlüssel, Schachtdeckelheber;Hydrantenschlüssel 08;;;2000000444
400;Löschgeräte / Armaturen;Schlüssel, Schachtdeckelheber;Hydrantenschlüssel 02;;;2000000016
401;Löschgeräte / Armaturen;Schlüssel, Schachtdeckelheber;Hydrantenschlüssel 03;;;2000000442
402;Löschgeräte / Armaturen;Schlüssel, Schachtdeckelheber;Schachtdeckelheber 01;;;
403;Löschgeräte / Armaturen;Schlüssel, Schachtdeckelheber;Schachtdeckelheber 01 10-64-2;;;2000000423
404;Löschgeräte / Armaturen;Schlüssel, Schachtdeckelheber;Schachtdeckelheber 02;;;
405;Löschgeräte / Armaturen;Schlüssel, Schachtdeckelheber;Schachtdeckelheber 03;;;
406;Löschgeräte / Armaturen;Schlüssel, Schachtdeckelheber;Kupplungsschlüssel 05;;;2000000046
407;Löschgeräte / Armaturen;Schlüssel, Schachtdeckelheber;Kupplungsschlüssel 01;;;2000000045
408;Löschgeräte / Armaturen;Schlüssel, Schachtdeckelheber;Kupplungsschlüssel 02;;;2000000044
409;Löschgeräte / Armaturen;Schlüssel, Schachtdeckelheber;Kupplungsschlüssel 03;;;2000000149
410;Löschgeräte / Armaturen;Schlüssel, Schachtdeckelheber;Kupplungsschlüssel 04;;;2000000150
411;Löschgeräte / Armaturen;Schlüssel, Schachtdeckelheber;Hydrantenschlüssel 01;;;2000000152
412;Löschgeräte / Armaturen;Schlüssel, Schachtdeckelheber;Hydrantenschlüssel 02 10-23-2;;;2000000301
413;Löschgeräte / Armaturen;Schlüssel, Schachtdeckelheber;Hydrantenschlüssel 05;;;2000000443
414;Löschgeräte / Armaturen;Sonstiges (Löschgeräte / Armaturen);Schlauchhalter 10;;;
415;Löschgeräte / Armaturen;Sonstiges (Löschgeräte / Armaturen);Reduzierstück C/D 01 10-48-2;;;2000000362
416;Löschgeräte / Armaturen;Sonstiges (Löschgeräte / Armaturen);Schlauchhalter 11;;;
417;Löschgeräte / Armaturen;Sonstiges (Löschgeräte / Armaturen);Schlauchhalter 13;;;
418;Löschgeräte / Armaturen;Sonstiges (Löschgeräte / Armaturen);Reduzierstück C/D 01 10-23-2;;;2000000306
419;Löschgeräte / Armaturen;Sonstiges (Löschgeräte / Armaturen);Schlauchhalter 14;;;
420;Löschgeräte / Armaturen;Sonstiges (Löschgeräte / Armaturen);Schlauchhalter 07;;;
421;Löschgeräte / Armaturen;Sonstiges (Löschgeräte / Armaturen);Reduzierstück C/D 01 10-64-2;;;2000000420
422;Löschgeräte / Armaturen;Sonstiges (Löschgeräte / Armaturen);Schlauchhalter 12;;;
423;Löschgeräte / Armaturen;Sonstiges (Löschgeräte / Armaturen);Reduzierstück A/B 01 10-23-2;;;2000000302
424;Löschgeräte / Armaturen;Sonstiges (Löschgeräte / Armaturen);Reduzierstück B/C 01 10-48-2;;;2000000360
425;Löschgeräte / Armaturen;Sonstiges (Löschgeräte / Armaturen);Reduzierstück B/C 01 10-64-2;;;2000000422
426;Löschgeräte / Armaturen;Sonstiges (Löschgeräte / Armaturen);Schlauchhalter 04;;;
427;Löschgeräte / Armaturen;Sonstiges (Löschgeräte / Armaturen);Schlauchhalter 02;;;
428;Löschgeräte / Armaturen;Sonstiges (Löschgeräte / Armaturen);Schlauchhalter 16;;;
429;Löschgeräte / Armaturen;Sonstiges (Löschgeräte / Armaturen);Schlauchhalter 05;;;
430;Löschgeräte / Armaturen;Sonstiges (Löschgeräte / Armaturen);Schlauchhalter 06;;;
431;Löschgeräte / Armaturen;Sonstiges (Löschgeräte / Armaturen);Schlauchhalter 08;;;
432;Löschgeräte / Armaturen;Sonstiges (Löschgeräte / Armaturen);Schlauchhalter 03;;;
433;Löschgeräte / Armaturen;Sonstiges (Löschgeräte / Armaturen);Reduzierstück B/C 02 10-48-2;;;2000000361
434;Löschgeräte / Armaturen;Sonstiges (Löschgeräte / Armaturen);Schlauchhalter 01;;;
435;Löschgeräte / Armaturen;Sonstiges (Löschgeräte / Armaturen);Reduzierstück B/C 01 10-23-2;;;2000000303
436;Löschgeräte / Armaturen;Sonstiges (Löschgeräte / Armaturen);Reduzierstück B/C 02 10-23-2;;;2000000304
437;Löschgeräte / Armaturen;Sonstiges (Löschgeräte / Armaturen);Reduzierstück B/C 03 10-23-2;;;2000000305
438;Löschgeräte / Armaturen;Sonstiges (Löschgeräte / Armaturen);Reduzierstück C/D 02 10-48-2;;;2000000363
439;Löschgeräte / Armaturen;Sonstiges (Löschgeräte / Armaturen);Schlauchhalter 15;;;
440;Löschgeräte / Armaturen;Sonstiges (Löschgeräte / Armaturen);Schlauchhalter 09;;;
441;Löschgeräte / Armaturen;Sonstiges (Löschgeräte / Armaturen);Nebellöschsystem 01 10-23-2;;;2000000132
442;Löschgeräte / Armaturen;Standrohre;Standrohr 02;;;2000000094
443;Löschgeräte / Armaturen;Standrohre;Standrohr 01;;;2000000151
444;Löschgeräte / Armaturen;Strahlrohre, allgemein;Mehrzweckstrahlrohr 05;;;2000000445
445;Löschgeräte / Armaturen;Strahlrohre, allgemein;Mehrzweckstrahlrohr 04 10-23-2;;;2000000309
446;Löschgeräte / Armaturen;Strahlrohre, allgemein;Mehrzweckstrahlrohr 05 10-23-2;;;2000000308
447;Löschgeräte / Armaturen;Strahlrohre, allgemein;Mehrzweckstrahlrohr 03 10-23-2;;;2000000307
448;Löschgeräte / Armaturen;Strahlrohre, allgemein;Mehrzweckstrahlrohr 02 10-23-2;;;2000000146
449;Löschgeräte / Armaturen;Strahlrohre, allgemein;Mehrzweckstrahlrohr 01 10-23-2;;;2000000138
450;Löschgeräte / Armaturen;Stützkrümmer, Krümmer, Schlauchabsperrungen;Stützkrümmer 04;;;2000000446
451;Löschgeräte / Armaturen;Stützkrümmer, Krümmer, Schlauchabsperrungen;Absperrhahn 01 10-64-2;;;2000000421
452;Löschgeräte / Armaturen;Stützkrümmer, Krümmer, Schlauchabsperrungen;Stützkrümmer 02 10-48-2;;;2000000049
453;Löschgeräte / Armaturen;Stützkrümmer, Krümmer, Schlauchabsperrungen;Schlauchabsperrung  06;;;2000000452
454;Löschgeräte / Armaturen;Stützkrümmer, Krümmer, Schlauchabsperrungen;Schlauchabsperrung  10-23-2 01;;;2000000497
455;Löschgeräte / Armaturen;Stützkrümmer, Krümmer, Schlauchabsperrungen;Schlauchabsperrung  05;;;2000000451
456;Löschgeräte / Armaturen;Stützkrümmer, Krümmer, Schlauchabsperrungen;Schlauchabsperrung  01;;;2000000447
457;Löschgeräte / Armaturen;Stützkrümmer, Krümmer, Schlauchabsperrungen;Schlauchabsperrung  02;;;2000000448
458;Löschgeräte / Armaturen;Stützkrümmer, Krümmer, Schlauchabsperrungen;Absperrhahn 01;;;2000000096
459;Löschgeräte / Armaturen;Stützkrümmer, Krümmer, Schlauchabsperrungen;Schlauchabsperrung  03;;;2000000449
460;Löschgeräte / Armaturen;Stützkrümmer, Krümmer, Schlauchabsperrungen;Schlauchabsperrung  04;;;2000000450
461;Löschgeräte / Armaturen;Stützkrümmer, Krümmer, Schlauchabsperrungen;Stützkrümmer 01 10-48-2;;;2000000050
462;Löschgeräte / Armaturen;Stützkrümmer, Krümmer, Schlauchabsperrungen;Stützkrümmer 01 10-23-2;;;2000000310
463;Löschgeräte / Armaturen;Verteiler / Sammelstücke;Verteiler CBC 01 10-23-2;;;2000000311
464;Löschgeräte / Armaturen;Verteiler / Sammelstücke;Verteiler CBC 02 10-23-2;;;2000000140
465;Löschgeräte / Armaturen;Verteiler / Sammelstücke;Sammelstück 02;;;2000000100
466;Löschgeräte / Armaturen;Verteiler / Sammelstücke;Sammelstück 01;;;2000000148
467;Löschgeräte / Armaturen;Verteiler / Sammelstücke;Verteiler CBC 03;;;2000000051
468;Löschgeräte / Armaturen;Verteiler / Sammelstücke;Verteiler CBC 04;;;2000000088
469;Löschgeräte / Armaturen;Verteiler / Sammelstücke;Verteiler CBC 05;;;2000000453
470;Löschgeräte / Armaturen;Verteiler / Sammelstücke;Verteiler CBC 06;;;2000000454
471;Maschinen;Bohrmaschinen;Bohrmaschine 01 10-64-2;;;2000000643
472;Maschinen;Elektrokettensägen;Elektrokettensäge 01 10-64-2;;;2000000647
473;Maschinen;Motorkettensägen;Motorkettensäge 01 10-23-2;;;2000000155
474;Maschinen;Motorkettensägen;Motorkettensäge 01 10-48-2;;;2000000060
475;Maschinen;Motorkettensägen;Motorkettensäge 01 10-64-2;;;2000000237
476;Maschinen;Motorkettensägen;Motorkettensäge 03;;;2000000455
477;Maschinen;Rettungssägen;Motorkettensäge 02 10-48-2;;;2000000059
478;Maschinen;Sägen;Säbelsäge Bosch 01 10-64-2 01;;;2000000640
479;Maschinen;Sägen;Säbelsäge Bosch 01 10-48-2;;;2000000058
480;Maschinen;Trennen, Zubehör;Trennscheibe 26;;;
481;Maschinen;Trennen, Zubehör;Trennscheibe 04;;;
482;Maschinen;Trennen, Zubehör;Trennscheibe 02;;;
483;Maschinen;Trennen, Zubehör;Trennscheibe 09;;;
484;Maschinen;Trennen, Zubehör;Trennscheibe 05;;;
485;Maschinen;Trennen, Zubehör;Trennscheibe 29;;;
486;Maschinen;Trennen, Zubehör;Trennscheibe 28;;;
487;Maschinen;Trennen, Zubehör;Trennscheibe 23;;;
488;Maschinen;Trennen, Zubehör;Trennscheibe 06;;;
489;Maschinen;Trennen, Zubehör;Trennscheibe 03;;;
490;Maschinen;Trennen, Zubehör;Trennscheibe 22;;;
491;Maschinen;Trennen, Zubehör;Trennscheibe 21;;;
492;Maschinen;Trennen, Zubehör;Trennscheibe 20;;;
493;Maschinen;Trennen, Zubehör;Trennscheibe 18;;;
494;Maschinen;Trennen, Zubehör;Trennscheibe 17;;;
495;Maschinen;Trennen, Zubehör;Trennscheibe 25;;;
496;Maschinen;Trennen, Zubehör;Trennscheibe 01;;;
497;Maschinen;Trennen, Zubehör;Trennscheibe 16;;;
498;Maschinen;Trennen, Zubehör;Trennscheibe 27;;;
499;Maschinen;Trennen, Zubehör;Trennscheibe 15;;;
500;Maschinen;Trennen, Zubehör;Trennscheibe 10;;;
501;Maschinen;Trennen, Zubehör;Trennscheibe 07;;;
502;Maschinen;Trennen, Zubehör;Trennscheibe 11;;;
503;Maschinen;Trennen, Zubehör;Trennscheibe 19;;;
504;Maschinen;Trennen, Zubehör;Trennscheibe 14;;;
505;Maschinen;Trennen, Zubehör;Trennscheibe 08;;;
506;Maschinen;Trennen, Zubehör;Trennscheibe 12;;;
507;Maschinen;Trennen, Zubehör;Trennscheibe 13;;;
508;Maschinen;Trennen, Zubehör;Trennscheibe 24;;;
509;Maschinen;Trennschleifer mit Elektromotor;Trennschleifer 10-48-2 01;;;2000000605
510;Maschinen;Trennschleifer mit Elektromotor;Trennschleifer 01 10-64-2;;;2000000641
511;Maschinen;Trennschleifer mit Elektromotor;Trennschleifer 10-23-2 01;;;2000000600
512;Rettungsdienst;Beatmung;RD O2 Bag 10-48-2;;;2000000075
513;Rettungsdienst;Beatmung;Druckminderer O² Oxybag 10-48-2;;2000000550;2000000550
514;Rettungsdienst;Blutdruckmessgerät;Blutdruckmessgerät 10-48-2,2;;2000000517;2000000517
515;Rettungsdienst;Blutdruckmessgerät;Blutdruckmessgerät 10-48-2,1;;2000000518;2000000518
516;Rettungsdienst;EKG / Defibrillator;Defibrilator 10-002;;2000000616;2000000616
517;Rettungsdienst;EKG / Defibrillator;Defibrilator 10-17-2;;2000000076;2000000076
518;Rettungsdienst;Taschen / Rucksäcke;Notfallrucksack 10-48-2;;2000000112;2000000112
519;Rettungsdienst;Taschen / Rucksäcke;AED Rucksack 10-17-2;;2000000543;2000000543
520;Rettungsdienst;Taschen / Rucksäcke;Notfallrucksack 10-23-2;;2000000179;2000000179
521;Rettungsgeräte und Leitern;Gerätesatz Auf- und Abseilgerät;Rollgliss;;;2000000036
522;Rettungsgeräte und Leitern;Hebekissensystem >1 bar;Füllschlauch 01 10-64-2;;;2000000234
523;Rettungsgeräte und Leitern;Hebekissensystem >1 bar;Doppelventil 01 10-48-2;;41226381;2000000029
524;Rettungsgeräte und Leitern;Hebekissensystem >1 bar;Druckminderer 01 10-64-2;;;2000000241
525;Rettungsgeräte und Leitern;Hebekissensystem >1 bar;Füllschlauch 02 10-64-2;;;2000000242
526;Rettungsgeräte und Leitern;Hebekissensystem >1 bar;Hebekissen 03;;;20000000010
527;Rettungsgeräte und Leitern;Hebekissensystem >1 bar;Hebekissen 04;;;2000000011
528;Rettungsgeräte und Leitern;Hebekissensystem >1 bar;Füllschlauch 01 10-48-2;;;2000000364
529;Rettungsgeräte und Leitern;Hebekissensystem >1 bar;Füllschlauch 02 10-48-2;;;2000000365
530;Rettungsgeräte und Leitern;Hebekissensystem >1 bar;Druckminderer 01 10-48-2;;;2000000030
531;Rettungsgeräte und Leitern;Hebekissensystem >1 bar;Doppelventil 01 10-64-2;;;2000000240
532;Rettungsgeräte und Leitern;Hebekissensystem >1 bar;Hebekissen 01;;;2000000008
533;Rettungsgeräte und Leitern;Hebekissensystem >1 bar;Hebekissen 02;;;2000000009
534;Rettungsgeräte und Leitern;Multifunktionsleitern;Mehrzweckleiter GH 01;;;2000000536
535;Rettungsgeräte und Leitern;Rettungsplattform;Rettungsplattform 10-48-2;;;2000000025
536;Rettungsgeräte und Leitern;Schiebleitern;Schiebleiter 10-48-2 02;;;2000000487
537;Rettungsgeräte und Leitern;Sonstiges (Rettungsgeräte / Leitern);Gleisfahrwerk 01 10-48-2;;;2000000366
538;Rettungsgeräte und Leitern;Sprungpolster;Sprungpolster 02 10-48-2;;;
539;Rettungsgeräte und Leitern;Steckleiter-Einsteckteil;Steckleiter-Einsteckteil 03;;;2000000499
540;Rettungsgeräte und Leitern;Steckleiter-Einsteckteil;Steckleiter-Einsteckteil 02 10-48-2;;;2000000498
541;Rettungsgeräte und Leitern;Steckleiter-Einsteckteil;Steckleiter-Einsteckteil GH 01;;;2000000273
542;Rettungsgeräte und Leitern;Steckleitern;Steckleiterteil B 10-48-2 03;;;2000000257
543;Rettungsgeräte und Leitern;Steckleitern;Steckleiterteil B 10-23-2 02;;;2000000256
544;Rettungsgeräte und Leitern;Steckleitern;Steckleiterteil B 10-48-2 04;;;2000000277
545;Rettungsgeräte und Leitern;Steckleitern;Steckleiterteil B 10-48-2 02;;;2000000258
546;Rettungsgeräte und Leitern;Steckleitern;Steckleiterteil B 10-64-2 03;;;2000000268
547;Rettungsgeräte und Leitern;Steckleitern;Steckleiterteil B 10-23-2 03;;;2000000276
548;Rettungsgeräte und Leitern;Steckleitern;Steckleiterteil B 10-64-2 02;;;2000000269
549;Rettungsgeräte und Leitern;Steckleitern;Steckleiterteil A 10-64-2 01;;;2000000265
550;Rettungsgeräte und Leitern;Steckleitern;Steckleiterteil A 10-23-2 01;;;2000000255
551;Rettungsgeräte und Leitern;Steckleitern;Steckleiterteil B 10-48-2 01;;;2000000275
552;Rettungsgeräte und Leitern;Steckleitern;Steckleiterteil B 01;;;2000000500
553;Rettungsgeräte und Leitern;Steckleitern;Steckleiterteil B 02;;;2000000501
554;Rettungsgeräte und Leitern;Steckleitern;Steckleiterteil B 03;;;2000000502
555;Rettungsgeräte und Leitern;Steckleitern;Steckleiterteil B 04;;;2000000503
556;Rettungsgeräte und Leitern;Steckleitern;Steckleiterteil B 10-23-2 01;;;2000000274
557;Rettungsgeräte und Leitern;Steckleitern;Steckleiterteil B 10-64-2 01;;;2000000266
558;Rettungsgeräte und Leitern;Steckleiter-Verbindungsteil;Steckleiter-Verbindungst 01 10-48-2;;;2000000270
559;Rettungsgeräte und Leitern;Teleskopleitern;Teleskopleiter 10-11-2  01;;;2000000280
560;Rettungsgeräte und Leitern;Trittleitern;Stufenstehleiter GH 01;;;2000000535
561;Sanitätsausrüstung, Zelte;Sanität: Decken und Tücher;Einmaldecke 06;;;
562;Sanitätsausrüstung, Zelte;Sanität: Decken und Tücher;Einmaldecke 05;;;
563;Sanitätsausrüstung, Zelte;Sanität: Decken und Tücher;Wolldecke 01;;;
564;Sanitätsausrüstung, Zelte;Sanität: Decken und Tücher;Wolldecke 03;;;
565;Sanitätsausrüstung, Zelte;Sanität: Decken und Tücher;Wolldecke 05;;;
566;Sanitätsausrüstung, Zelte;Sanität: Decken und Tücher;Wolldecke 06;;;
567;Sanitätsausrüstung, Zelte;Sanität: Decken und Tücher;Wolldecke 07;;;
568;Sanitätsausrüstung, Zelte;Sanität: Decken und Tücher;Wolldecke 09;;;
569;Sanitätsausrüstung, Zelte;Sanität: Decken und Tücher;Wolldecke 10;;;
570;Sanitätsausrüstung, Zelte;Sanität: Decken und Tücher;Einmaldecke 04;;;
571;Sanitätsausrüstung, Zelte;Sanität: Decken und Tücher;Einmaldecke 03;;;
572;Sanitätsausrüstung, Zelte;Sanität: Decken und Tücher;Einmaldecke 02;;;
573;Sanitätsausrüstung, Zelte;Sanität: Decken und Tücher;Wolldecke 08;;;
574;Sanitätsausrüstung, Zelte;Sanität: Decken und Tücher;Wolldecke 04;;;
575;Sanitätsausrüstung, Zelte;Sanität: Decken und Tücher;Wolldecke 02;;;
576;Sanitätsausrüstung, Zelte;Sanität: Decken und Tücher;Einmaldecke 01;;;
577;Sanitätsausrüstung, Zelte;Sanität: Krankentragen;Krankentrage 01 10-64-2;;2000000313;2000000313
578;Sanitätsausrüstung, Zelte;Sanität: Krankentragen;Krankentrage 02 10-23-3;;2000000676;2000000676
579;Sanitätsausrüstung, Zelte;Sanität: Rettungsbrett (Spineboard), Rettungstücher;Rettungstuch 10-23-2 02;;;2000000653
580;Sanitätsausrüstung, Zelte;Sanität: Rettungsbrett (Spineboard), Rettungstücher;Rettungstuch 10-48-2 02;;2000000793;2000000793
581;Sanitätsausrüstung, Zelte;Sanität: Rettungsbrett (Spineboard), Rettungstücher;Spineboard;;;2000000032
582;Sanitätsausrüstung, Zelte;Sanität: Rettungsbrett (Spineboard), Rettungstücher;Rettungstuch 10-48-2 03;;2000000670;2000000670
583;Sanitätsausrüstung, Zelte;Sanität: Rettungsbrett (Spineboard), Rettungstücher;Rettungstuch 10-64-2 02;;2000000762;2000000762
584;Sanitätsausrüstung, Zelte;Sanität: Rettungsbrett (Spineboard), Rettungstücher;Rettungstuch 10-64-2 03;;2000000761;2000000761
585;Sanitätsausrüstung, Zelte;Sanität: Rettungsbrett (Spineboard), Rettungstücher;Rettungstuch 10-48-2 01;;;2000000627
586;Sanitätsausrüstung, Zelte;Sanität: Rettungsbrett (Spineboard), Rettungstücher;Rettungstuch 01;;;2000000314
587;Sanitätsausrüstung, Zelte;Sanität: Rettungsbrett (Spineboard), Rettungstücher;Rettungstuch 10-64-2 01;;;2000000315
588;Sanitätsausrüstung, Zelte;Sanität: Rettungsbrett (Spineboard), Rettungstücher;Rettungstuch 10-23-2 01;;;2000000652
589;Sanitätsausrüstung, Zelte;Sanität: Schleifkorbtrage;Schleifkorbtrage 01;;2000000677;2000000677
590;Sanitätsausrüstung, Zelte;Sanität: Verbandkästen und -rucksäcke;KFZ-Verbandtasche 10-11-2;;2000000787;2000000787
591;Sanitätsausrüstung, Zelte;Sanität: Verbandkästen und -rucksäcke;Notfalltasche 10-17-2;;2000000519;2000000519
592;Sanitätsausrüstung, Zelte;Sanität: Verbandkästen und -rucksäcke;Notfalltasche 10-23-2;;2000000178;2000000178
593;Sanitätsausrüstung, Zelte;Sanität: Verbandkästen und -rucksäcke;Notfalltasche 10-64-2;;2000000197;2000000197
594;Sanitätsausrüstung, Zelte;Sanität: Verbandkästen und -rucksäcke;KFZ Verbandkasten( 2022) 10-11-2;;2000000545;2000000545
595;Sanitätsausrüstung, Zelte;Sanität: Verbandkästen und -rucksäcke;KFZ Verbandkasten( 2022) 10-48-2;;2000000548;2000000548
596;Sanitätsausrüstung, Zelte;Sanität: Verbandkästen und -rucksäcke;KFZ-Verbandtasche 10-17-2;;2000000788;2000000788
597;Sanitätsausrüstung, Zelte;Sanität: Verbandkästen und -rucksäcke;KFZ Verbandkasten( 2022) 10-17-2;;2000000546;2000000546
598;Sanitätsausrüstung, Zelte;Sanität: Verbandkästen und -rucksäcke;KFZ Verbandkasten( 2022) 10-64-2;;2000000549;2000000549
599;Sanitätsausrüstung, Zelte;Sanität: Verbandkästen und -rucksäcke;EH Tasche GH Zug 2;;2000000544;2000000544
600;Sanitätsausrüstung, Zelte;Sanität: Verbandkästen und -rucksäcke;KFZ-Verbandtasche 10-64-2;;2000000785;2000000785
601;Sanitätsausrüstung, Zelte;Sanität: Verbandkästen und -rucksäcke;KFZ-Verbandtasche 10-23-2;;2000000786;2000000786
602;Sanitätsausrüstung, Zelte;Sanität: Verbandkästen und -rucksäcke;KFZ Verbandkasten( 2022) 10-23-2;;2000000547;2000000547
603;Schläuche / Schlauchpflegegeräte;Schlauchbrücken, -überführungen;Schlauchbrücke 05;;;
604;Schläuche / Schlauchpflegegeräte;Schlauchbrücken, -überführungen;Schlauchbrücke 02;;;
605;Schläuche / Schlauchpflegegeräte;Schlauchbrücken, -überführungen;Schlauchbrücke 04;;;
606;Schläuche / Schlauchpflegegeräte;Schlauchbrücken, -überführungen;Schlauchbrücke 01;;;
607;Schläuche / Schlauchpflegegeräte;Schlauchbrücken, -überführungen;Schlauchbrücke 03;;;
608;Schutzbekleidung;Latzhose mit Ringsum-Beinschutz;Schnittschutzbekleidung 02 10-48-2;;;2000000369
609;Schutzbekleidung;Latzhose mit Ringsum-Beinschutz;Schnittschutzbekleidung 02 10-64-2;;;2000000395
610;Schutzbekleidung;Latzhose mit Ringsum-Beinschutz;Schnittschutzbekleidung 01 10-48-2;;;2000000368
611;Schutzbekleidung;Latzhose mit Ringsum-Beinschutz;Schnittschutzbekleidung 01 10-64-2;;;2000000394
612;Schutzbekleidung;Schnittschutzkleidung;Schnittschutzhose 10-23-2 01;;2000000587;2000000587
613;Schutzbekleidung;Schutzbrillen;Schutzbrille 10-64-02;;;
614;Schutzbekleidung;Schutzbrillen;Schutzbrille 10-23-1 01;;;
615;Schutzbekleidung;Schutzbrillen;Schutzbrille 10-48-2 02;;;
616;Schutzbekleidung;Schutzbrillen;Schutzbrille 10-64-01;;;
617;Schutzbekleidung;Schutzbrillen;Schutzbrille 10-48-2 01;;;
618;Schutzbekleidung;Schutzhandschuhe, Gummi, säurebeständig;Schutzhandschuh  01 10-64-2;;;2000000406
619;Schutzbekleidung;Schutzhandschuhe, Gummi, säurebeständig;Schutzhandschuh  07 10-64-2;;;2000000412
620;Schutzbekleidung;Schutzhandschuhe, Gummi, säurebeständig;Schutzhandschuh  03 10-48-2;;;2000000372
621;Schutzbekleidung;Schutzhandschuhe, Gummi, säurebeständig;Schutzhandschuh  06 10-64-2;;;
622;Schutzbekleidung;Schutzhandschuhe, Gummi, säurebeständig;Schutzhandschuh  05 10-64-2;;;2000000411
623;Schutzbekleidung;Schutzhandschuhe, Gummi, säurebeständig;Schutzhandschuh 10 10-64-2;;;2000000415
624;Schutzbekleidung;Schutzhandschuhe, Gummi, säurebeständig;Schutzhandschuh  09 10-64-2;;;
625;Schutzbekleidung;Schutzhandschuhe, Gummi, säurebeständig;Schutzhandschuh  02 10-48-2;;;2000000371
626;Schutzbekleidung;Schutzhandschuhe, Gummi, säurebeständig;Schutzhandschuh  04 10-64-2;;;2000000409
627;Schutzbekleidung;Schutzhandschuhe, Gummi, säurebeständig;Schutzhandschuh  01 10-48-2;;;2000000370
628;Schutzbekleidung;Schutzhandschuhe, Gummi, säurebeständig;Schutzhandschuh  03 10-64-2;;;2000000408
629;Schutzbekleidung;Schutzhandschuhe, Gummi, säurebeständig;Schutzhandschuh  02 10-64-2;;;2000000407
630;Schutzbekleidung;Schutzhandschuhe, Gummi, säurebeständig;Schutzhandschuh  08 10-64-2;;;2000000413
631;Schutzbekleidung;Schutzhandschuhe, Gummi, säurebeständig;Schutzhandschuh  04 10-48-2;;;2000000373
632;Schutzbekleidung;Waldarbeiter Helm;Waldarbeiterhelm 10-23-2 01;;;2000000589
633;Schutzbekleidung;Waldarbeiter Helm;Waldarbeiterhelm 10-48-2 01;;2000000782;2000000782
634;Schutzbekleidung;Waldarbeiter Helm;Waldarbeiterhelm 10-64-2 01;;2000000783;2000000783
635;Schutzbekleidung;Waldarbeiter Helm;Waldarbeiterhelm 01;;2000000789;2000000789
636;Schutzbekleidung;Waldarbeiter Helm;Waldarbeiterhelm 10-64-2 02;;2000000784;2000000784
637;Schutzbekleidung;Waldarbeiter Helm;Waldarbeiterhelm 10-48-2 02;;;2000000397
638;Schutzbekleidung;Wathose;Wathose 10-64-2 01;;;2000000188
639;Schutzbekleidung;Wathose;Wathose 10-64-2 03;;;2000000190
640;Schutzbekleidung;Wathose;Wathose 1064-2 02;;;2000000189
641;Signal / Warngeräte / Verkehrssicherung;Anhaltestäbe;Winkerkelle 10-48-2 04;;;2000000115
642;Signal / Warngeräte / Verkehrssicherung;Anhaltestäbe;Winkerkelle 10-11-2 10;;;2000000279
643;Signal / Warngeräte / Verkehrssicherung;Anhaltestäbe;Winkerkelle 10-64-2 05;;;2000000182
644;Signal / Warngeräte / Verkehrssicherung;Anhaltestäbe;Winkerkelle 10-23-2 01;;;2000000168
645;Signal / Warngeräte / Verkehrssicherung;Anhaltestäbe;Winkerkelle 10-17-2 07;;;2000000594
646;Signal / Warngeräte / Verkehrssicherung;Anhaltestäbe;Winkerkelle 10-17-2 08;;;2000000595
647;Signal / Warngeräte / Verkehrssicherung;Anhaltestäbe;Winkerkelle 10-23-2 02;;;2000000169
648;Signal / Warngeräte / Verkehrssicherung;Anhaltestäbe;Winkerkelle 10-64-2 06;;;2000000181
649;Signal / Warngeräte / Verkehrssicherung;Anhaltestäbe;Winkerkelle 10-11-2 09;;;2000000278
650;Signal / Warngeräte / Verkehrssicherung;Anhaltestäbe;Winkerkelle 10-48-2 03;;;2000000114
651;Signal / Warngeräte / Verkehrssicherung;Elektronen-Blitzleuchten;Triblitz 10-64-2 01;;;2000000200
652;Signal / Warngeräte / Verkehrssicherung;Elektronen-Blitzleuchten;Triblitz 10-23-2 01;;2000000765;2000000765
653;Signal / Warngeräte / Verkehrssicherung;Faltsignale;Warndreieck 03;;;2000000113
654;Signal / Warngeräte / Verkehrssicherung;Faltsignale;Warndreieck 02 10-23-2;;;2000000319
655;Signal / Warngeräte / Verkehrssicherung;Faltsignale;Warndreieck 01 10-23-2;;;2000000318
656;Signal / Warngeräte / Verkehrssicherung;Faltsignale;Faltsignal 02;;;2000000224
657;Signal / Warngeräte / Verkehrssicherung;Faltsignale;Warndreieck 01 10-64-2;;;2000000404
658;Signal / Warngeräte / Verkehrssicherung;Faltsignale;Faltsignal 04;;2000000678;2000000678
659;Signal / Warngeräte / Verkehrssicherung;Faltsignale;Faltsignal 01;;;2000000222
660;Signal / Warngeräte / Verkehrssicherung;Faltsignale;Warndreieck 05;;;
661;Signal / Warngeräte / Verkehrssicherung;Faltsignale;Warndreieck 06;;;2000000457
662;Signal / Warngeräte / Verkehrssicherung;Faltsignale;Faltsignal 03;;;2000000225
663;Signal / Warngeräte / Verkehrssicherung;Handmegaphone;Handmegaphone 02;;;2000000183
664;Signal / Warngeräte / Verkehrssicherung;Handmegaphone;Handmegaphone 01;;;2000000118
665;Signal / Warngeräte / Verkehrssicherung;Sonstiges (Signal- / Warngeräte);Absperrstange 04;;;
666;Signal / Warngeräte / Verkehrssicherung;Sonstiges (Signal- / Warngeräte);Absperrstange 03;;;
667;Signal / Warngeräte / Verkehrssicherung;Sonstiges (Signal- / Warngeräte);Absperrstange 02;;;
668;Signal / Warngeräte / Verkehrssicherung;Sonstiges (Signal- / Warngeräte);Absperrstange 01;;;
669;Signal / Warngeräte / Verkehrssicherung;Sonstiges (Signal- / Warngeräte);Absperrstange 05;;;
670;Signal / Warngeräte / Verkehrssicherung;Verkehrsleitkegel;Verkehrsleitkegel 07;;;2000000067
671;Signal / Warngeräte / Verkehrssicherung;Verkehrsleitkegel;Verkehrsleitkegel 06;;;2000000066
672;Signal / Warngeräte / Verkehrssicherung;Verkehrsleitkegel;Verkehrsleitkegel 05;;;2000000065
673;Signal / Warngeräte / Verkehrssicherung;Verkehrsleitkegel;Verkehrsleitkegel 10-64-2 02;;2000000538;2000000538
674;Signal / Warngeräte / Verkehrssicherung;Verkehrsleitkegel;Verkehrsleitkegel 10-64-2 04;;2000000540;2000000540
675;Signal / Warngeräte / Verkehrssicherung;Verkehrsleitkegel;Verkehrsleitkegel 10-17-2 02;;;2000000465
676;Signal / Warngeräte / Verkehrssicherung;Verkehrsleitkegel;Verkehrsleitkegel 10-17-2 04;;;2000000464
677;Signal / Warngeräte / Verkehrssicherung;Verkehrsleitkegel;Verkehrsleitkegel 10-23-2 02;;;2000000122
678;Signal / Warngeräte / Verkehrssicherung;Verkehrsleitkegel;Verkehrsleitkegel 10-23-2 03;;;2000000123
679;Signal / Warngeräte / Verkehrssicherung;Verkehrsleitkegel;Verkehrsleitkegel 10-23-2 01;;;2000000121
680;Signal / Warngeräte / Verkehrssicherung;Verkehrsleitkegel;Verkehrsleitkegel 10-64-2 05;;2000000541;2000000541
681;Signal / Warngeräte / Verkehrssicherung;Verkehrsleitkegel;Verkehrsleitkegel 10-64-2 03;;2000000539;2000000539
682;Signal / Warngeräte / Verkehrssicherung;Verkehrsleitkegel;Verkehrsleitkegel 10-64-2 01;;2000000537;2000000537
683;Signal / Warngeräte / Verkehrssicherung;Verkehrsleitkegel;Verkehrsleitkegel 10-64-2 06;;2000000542;2000000542
684;Signal / Warngeräte / Verkehrssicherung;Verkehrsleitkegel;Verkehrsleitkegel LED 01;;;2000000124
685;Signal / Warngeräte / Verkehrssicherung;Verkehrsleitkegel;Verkehrsleitkegel 10-17-2 03;;;2000000460
686;Signal / Warngeräte / Verkehrssicherung;Verkehrsleitkegel;Verkehrsleitkegel LED 08;;;2000000074
687;Signal / Warngeräte / Verkehrssicherung;Verkehrsleitkegel;Verkehrsleitkegel LED 07;;;2000000073
688;Signal / Warngeräte / Verkehrssicherung;Verkehrsleitkegel;Verkehrsleitkegel LED 05;;;2000000071
689;Signal / Warngeräte / Verkehrssicherung;Verkehrsleitkegel;Verkehrsleitkegel LED 04;;;2000000127
690;Signal / Warngeräte / Verkehrssicherung;Verkehrsleitkegel;Verkehrsleitkegel LED 03;;;2000000126
691;Signal / Warngeräte / Verkehrssicherung;Verkehrsleitkegel;Verkehrsleitkegel LED 02;;;2000000125
692;Signal / Warngeräte / Verkehrssicherung;Verkehrsleitkegel;Verkehrsleitkegel 10-17-2 01;;;2000000466
693;Signal / Warngeräte / Verkehrssicherung;Verkehrsleitkegel;Verkehrsleitkegel 06 10-17-2;;;2000000463
694;Signal / Warngeräte / Verkehrssicherung;Verkehrsleitkegel;Verkehrsleitkegel 10-23-2 04;;;2000000206
695;Signal / Warngeräte / Verkehrssicherung;Verkehrsleitkegel;Verkehrsleitkegel 10;;;2000000070
696;Signal / Warngeräte / Verkehrssicherung;Verkehrsleitkegel;Verkehrsleitkegel 09;;;2000000069
697;Signal / Warngeräte / Verkehrssicherung;Verkehrsleitkegel;Verkehrsleitkegel 08;;;2000000068
698;Signal / Warngeräte / Verkehrssicherung;Warnblinkleuchten;Bodenhindernisleuchte 05 10-23-2;;;2000000507
699;Signal / Warngeräte / Verkehrssicherung;Warnblinkleuchten;Bodenhindernisleuchte 05 10-64-2;;;2000000511
700;Signal / Warngeräte / Verkehrssicherung;Warnblinkleuchten;Bodenhindernisleuchte 04 10-64-2;;;2000000210
701;Signal / Warngeräte / Verkehrssicherung;Warnblinkleuchten;Bodenhindernisleuchte 03 10-64-2;;;2000000509
702;Signal / Warngeräte / Verkehrssicherung;Warnblinkleuchten;Bodenhindernisleuchte 02 10-64-2;;;2000000508
703;Signal / Warngeräte / Verkehrssicherung;Warnblinkleuchten;Bodenhindernisleuchte 06 10-48-2;;;2000000764
704;Signal / Warngeräte / Verkehrssicherung;Warnblinkleuchten;Warnblitzer 10 10-11-2;;2000000807;2000000807
705;Signal / Warngeräte / Verkehrssicherung;Warnblinkleuchten;Warnblitzer 09 10-17-2;;2000000806;2000000806
706;Signal / Warngeräte / Verkehrssicherung;Warnblinkleuchten;Bodenhindernisleuchte 04 10-23-2;;;2000000506
707;Signal / Warngeräte / Verkehrssicherung;Warnblinkleuchten;Bodenhindernisleuchte 03 10-23-2;;;2000000505
708;Signal / Warngeräte / Verkehrssicherung;Warnblinkleuchten;Warnblitzer 03 10-11-2;;;2000000468
709;Signal / Warngeräte / Verkehrssicherung;Warnblinkleuchten;Warnblitzer 04 10-11-2;;;2000000471
710;Signal / Warngeräte / Verkehrssicherung;Warnblinkleuchten;Warnblitzer 06 10-48-2;;2000000803;2000000803
711;Signal / Warngeräte / Verkehrssicherung;Warnblinkleuchten;Bodenhindernisleuchte 02 10-23-2;;;2000000504
712;Signal / Warngeräte / Verkehrssicherung;Warnblinkleuchten;Warnblitzer 14 10-64-2;;2000000811;2000000811
713;Signal / Warngeräte / Verkehrssicherung;Warnblinkleuchten;Warnblitzer 13 10-23-2;;2000000810;2000000810
714;Signal / Warngeräte / Verkehrssicherung;Warnblinkleuchten;Warnblitzer 11 10-11-2;;2000000808;2000000808
715;Signal / Warngeräte / Verkehrssicherung;Warnblinkleuchten;Bodenhindernisleuchte 05 10-48-2;;;2000000263
716;Signal / Warngeräte / Verkehrssicherung;Warnblinkleuchten;Warnblitzer 07 10-48-2;;2000000804;2000000804
717;Signal / Warngeräte / Verkehrssicherung;Warnblinkleuchten;Warnblitzer 12 10-23-2;;2000000809;2000000809
718;Signal / Warngeräte / Verkehrssicherung;Warnblinkleuchten;Bodenhindernisleuchte 02 10-48-2;;;2000000055
719;Signal / Warngeräte / Verkehrssicherung;Warnblinkleuchten;Warnblitzer 02 10-11-2;;;2000000469
720;Signal / Warngeräte / Verkehrssicherung;Warnblinkleuchten;Bodenhindernisleuchte 01 10-64-2;;;2000000262
721;Signal / Warngeräte / Verkehrssicherung;Warnblinkleuchten;Bodenhindernisleuchte 01 10-48-2;;;2000000054
722;Signal / Warngeräte / Verkehrssicherung;Warnblinkleuchten;Bodenhindernisleuchte 01 10-23-2;;;2000000170
723;Signal / Warngeräte / Verkehrssicherung;Warnblinkleuchten;Warnblitzer 15 10-64-2;;2000000812;2000000812
724;Signal / Warngeräte / Verkehrssicherung;Warnblinkleuchten;Bodenhindernisleuchte 04 10-48-2;;;2000000057
725;Signal / Warngeräte / Verkehrssicherung;Warnblinkleuchten;Warnblitzer 08 10-17-2;;2000000805;2000000805
726;Signal / Warngeräte / Verkehrssicherung;Warnwesten;Warnweste FF 10-23-2 04;;;2000000683
727;Signal / Warngeräte / Verkehrssicherung;Warnwesten;Warnweste FF 04 10-48-2;;;2000000377
728;Signal / Warngeräte / Verkehrssicherung;Warnwesten;Warnweste FF 05 10-48-2;;;2000000378
729;Signal / Warngeräte / Verkehrssicherung;Warnwesten;Warnweste FF 06 10-48-2;;;2000000379
730;Signal / Warngeräte / Verkehrssicherung;Warnwesten;Warnweste FF 07 10-48-2;;;2000000380
731;Signal / Warngeräte / Verkehrssicherung;Warnwesten;Warnweste FF 05 10-64-2;;;2000000402
732;Signal / Warngeräte / Verkehrssicherung;Warnwesten;Warnweste FF 10-23-2 02;;;2000000681
733;Signal / Warngeräte / Verkehrssicherung;Warnwesten;Warnweste FF 10-23-2 07;;;2000000686
734;Signal / Warngeräte / Verkehrssicherung;Warnwesten;Warnweste FF 10-11-2 02;;;2000000689
735;Signal / Warngeräte / Verkehrssicherung;Warnwesten;Warnweste FF 01 10-64-2;;;2000000398
736;Signal / Warngeräte / Verkehrssicherung;Warnwesten;Warnweste FF 10-23-2 06;;;2000000685
737;Signal / Warngeräte / Verkehrssicherung;Warnwesten;Warnweste FF 02 10-64-2;;;2000000399
738;Signal / Warngeräte / Verkehrssicherung;Warnwesten;Warnweste FF 06 10-64-2;;;2000000403
739;Signal / Warngeräte / Verkehrssicherung;Warnwesten;Warnweste FF 10-23-2 05;;;2000000684
740;Signal / Warngeräte / Verkehrssicherung;Warnwesten;Warnweste FF 10-11-2 01;;;2000000688
741;Signal / Warngeräte / Verkehrssicherung;Warnwesten;Warnweste FF 04 10-64-2;;;2000000401
742;Signal / Warngeräte / Verkehrssicherung;Warnwesten;Warnweste FF 10-23-2 08;;;2000000687
743;Signal / Warngeräte / Verkehrssicherung;Warnwesten;Warnweste FF 03 10-64-2;;;2000000400
744;Signal / Warngeräte / Verkehrssicherung;Warnwesten;Warnweste FF 10-23-2 01;;;2000000680
745;Signal / Warngeräte / Verkehrssicherung;Warnwesten;Warnweste FF 10-23-2 03;;;2000000682
746;Signal / Warngeräte / Verkehrssicherung;Warnwesten;Warnweste FF 01 10-48-2;;;2000000374
747;Signal / Warngeräte / Verkehrssicherung;Warnwesten;Warnweste FF 02 10-48-2;;;2000000375
748;Signal / Warngeräte / Verkehrssicherung;Warnwesten;Warnweste FF 03 10-48-2;;;2000000376
749;Sonstige Geräte;Kanister aus PE;Kombi-Kanister 10-23-2 01;;2000000525;2000000525
750;Sonstige Geräte;Kanister aus PE;Kanister 5L 10-23-2 01;;2000000523;2000000523
751;Sonstige Geräte;Kanister aus PE;Kombi-Kanister 10-64-2 01;;2000000528;2000000528
752;Sonstige Geräte;Kanister aus PE;Kanister 5L 10-48-2 01;;2000000524;2000000524
753;Sonstige Geräte;Kanister aus PE;Kombi-Kanister 10-48-2 02;;2000000527;2000000527
754;Sonstige Geräte;Kanister aus PE;Kombi-Kanister 10-48-2 01;;2000000526;2000000526
755;Sonstige Geräte;Kanister aus Stahl;Kanister 20L 01;;;2000000082
756;Sonstige Geräte;Kanister aus Stahl;Krafstoffkanister 10-78-2 01;;;2000000675
757;Sonstige Geräte;Sonstige (Sonstige Geräte);Einsatzschlinge schmal 18;;rt-2024-947;rt-2024-947
758;Sonstige Geräte;Sonstige (Sonstige Geräte);Einsatzschlinge schmal 16;;rt-2024-914;rt-2024-914
759;Sonstige Geräte;Sonstige (Sonstige Geräte);Einsatzschlinge schmal 19;;rt-2024-718;rt-2024-718
760;Sonstige Geräte;Sonstige (Sonstige Geräte);Einsatzschlinge schmal 21;;rt-2024-139;rt-2024-139
761;Sonstige Geräte;Sonstige (Sonstige Geräte);Einsatzschlinge schmal 22;;rt-2024-207;rt-2024-207
762;Sonstige Geräte;Sonstige (Sonstige Geräte);Einsatzschlinge schmal 25;;rt-2024-720;rt-2024-720
763;Sonstige Geräte;Sonstige (Sonstige Geräte);Einsatzschlinge schmal 52;;rt-2024-33;rt-2024-33
764;Sonstige Geräte;Sonstige (Sonstige Geräte);Druckluftfanfahre 03;;;
765;Sonstige Geräte;Sonstige (Sonstige Geräte);Brandfluchthaubenholster 13;;2000000814;2000000814
766;Sonstige Geräte;Sonstige (Sonstige Geräte);Organizer 05;;2000000798;2000000798
767;Sonstige Geräte;Sonstige (Sonstige Geräte);Organizer 01;;2000000794;2000000794
768;Sonstige Geräte;Sonstige (Sonstige Geräte);Organizer 02;;2000000795;2000000795
769;Sonstige Geräte;Sonstige (Sonstige Geräte);Organizer 06;;2000000799;2000000799
770;Sonstige Geräte;Sonstige (Sonstige Geräte);Organizer 04;;2000000797;2000000797
771;Sonstige Geräte;Sonstige (Sonstige Geräte);Organizer 03;;2000000796;2000000796
772;Sonstige Geräte;Sonstige (Sonstige Geräte);Schutzschuhe 01 10-48-2;;;2000000381
773;Sonstige Geräte;Sonstige (Sonstige Geräte);Schutzschuhe 02 10-48-2;;;2000000382
774;Sonstige Geräte;Sonstige (Sonstige Geräte);Schutzschuhe 03;;;2000000195
775;Sonstige Geräte;Sonstige (Sonstige Geräte);Schlauchaufroller 01;;;2000000061
776;Sonstige Geräte;Sonstige (Sonstige Geräte);Einwegoverall 01;;;
777;Sonstige Geräte;Sonstige (Sonstige Geräte);Einwegoverall 02;;;
778;Sonstige Geräte;Sonstige (Sonstige Geräte);Einwegoverall 03;;;
779;Sonstige Geräte;Sonstige (Sonstige Geräte);Einwegoverall 04;;;
780;Sonstige Geräte;Sonstige (Sonstige Geräte);Hitzeschutzbekleidung 02 10-23-2;;;2000000323
781;Sonstige Geräte;Sonstige (Sonstige Geräte);Hitzeschutzbekleidung 03 10-23-2;;;2000000322
782;Sonstige Geräte;Sonstige (Sonstige Geräte);Hitzeschutzbekleidung 01 10-23-2;;;2000000324
783;Sonstige Geräte;Sonstige (Sonstige Geräte);Schutzdeckenset 01;;;2000000016
784;Sonstige Geräte;Sonstige (Sonstige Geräte);Hitzeschutzbekleidung 02 10-48-2;;;2000000020
785;Sonstige Geräte;Sonstige (Sonstige Geräte);Geräteplane 02;;;2000000017
786;Sonstige Geräte;Sonstige (Sonstige Geräte);Geräteplane 01;;;2000000018
787;Sonstige Geräte;Sonstige (Sonstige Geräte);Schuttmulde 02 10-48-2;;;2000000384
788;Sonstige Geräte;Sonstige (Sonstige Geräte);Schuttmulde 01 10-48-2;;;2000000383
789;Sonstige Geräte;Sonstige (Sonstige Geräte);Schuttmulde 02 10-23-2;;;2000000320
790;Sonstige Geräte;Sonstige (Sonstige Geräte);Schuttmulde 01 10-23-2;;;2000000321
791;Sonstige Geräte;Sonstige (Sonstige Geräte);Brandfluchthaubenholster 09;;2000000777;2000000777
792;Sonstige Geräte;Sonstige (Sonstige Geräte);Fernglas 10-11-2 01;;;2000000282
793;Sonstige Geräte;Sonstige (Sonstige Geräte);Brandfluchthaubenholster 12;;2000000780;2000000780
794;Sonstige Geräte;Sonstige (Sonstige Geräte);Rollcontainer 01;;;2000000475
795;Sonstige Geräte;Sonstige (Sonstige Geräte);Rollcontainer 02;;;2000000476
796;Sonstige Geräte;Sonstige (Sonstige Geräte);Brandfluchthaubenholster 10;;2000000778;2000000778
797;Sonstige Geräte;Sonstige (Sonstige Geräte);Rollcontainer 01 10-64-2;;;2000000259
798;Sonstige Geräte;Sonstige (Sonstige Geräte);Rollcontainer 02 10-64-2;;;2000000261
799;Sonstige Geräte;Sonstige (Sonstige Geräte);Rollcontainer 03 10-64-2;;;2000000260
800;Sonstige Geräte;Sonstige (Sonstige Geräte);Brandfluchthaubenholster 11;;2000000779;2000000779
801;Sonstige Geräte;Sonstige (Sonstige Geräte);Druckluftfanfahre 02;;;
802;Sonstige Geräte;Sonstige (Sonstige Geräte);Druckluftfanfahre 01;;;
803;Sonstige Geräte;Sonstige (Sonstige Geräte);Brandfluchthaubenholster 07;;2000000775;2000000775
804;Sonstige Geräte;Sonstige (Sonstige Geräte);Einsatzschlinge schmal 34;;rt-2024-948;rt-2024-948
805;Sonstige Geräte;Sonstige (Sonstige Geräte);Holzkeil 3D 02;;;
806;Sonstige Geräte;Sonstige (Sonstige Geräte);Holzkeil 3D 03;;;
807;Sonstige Geräte;Sonstige (Sonstige Geräte);Holzkeil 3D 04;;;
808;Sonstige Geräte;Sonstige (Sonstige Geräte);Holzkeil 3D 05;;;
809;Sonstige Geräte;Sonstige (Sonstige Geräte);Holzkeil 3D 06;;;
810;Sonstige Geräte;Sonstige (Sonstige Geräte);Einsatzschlinge schmal 28;;rt-2024-691;rt-2024-691
811;Sonstige Geräte;Sonstige (Sonstige Geräte);Einsatzschlinge schmal 31;;rt-2024-677;rt-2024-677
812;Sonstige Geräte;Sonstige (Sonstige Geräte);Einsatzschlinge schmal 27;;rt-2024-2;rt-2024-2
813;Sonstige Geräte;Sonstige (Sonstige Geräte);Einsatzschlinge schmal 26;;rt-2024-700;rt-2024-700
814;Sonstige Geräte;Sonstige (Sonstige Geräte);Einsatzschlinge schmal 56;;rt-2024-154;rt-2024-154
815;Sonstige Geräte;Sonstige (Sonstige Geräte);Einsatzschlinge schmal 03;;rt-2024-184;rt-2024-184
816;Sonstige Geräte;Sonstige (Sonstige Geräte);Holzkeil 3D 01;;;
817;Sonstige Geräte;Sonstige (Sonstige Geräte);Holzkeil 3D 07;;;
818;Sonstige Geräte;Sonstige (Sonstige Geräte);Holzkeil 3D 08;;;
819;Sonstige Geräte;Sonstige (Sonstige Geräte);Holzkeil 3D 09;;;
820;Sonstige Geräte;Sonstige (Sonstige Geräte);Holzkeil 3D 10;;;
821;Sonstige Geräte;Sonstige (Sonstige Geräte);Holzkeil 3D 11;;;
822;Sonstige Geräte;Sonstige (Sonstige Geräte);Holzkeil 3D 12;;;
823;Sonstige Geräte;Sonstige (Sonstige Geräte);Holzkeil 2D 01;;;
824;Sonstige Geräte;Sonstige (Sonstige Geräte);Holzkeil 2D 02;;;
825;Sonstige Geräte;Sonstige (Sonstige Geräte);Holzkeil 2D 03;;;
826;Sonstige Geräte;Sonstige (Sonstige Geräte);Holzkeil 2D 04;;;
827;Sonstige Geräte;Sonstige (Sonstige Geräte);Holzkeil 2D 05;;;
828;Sonstige Geräte;Sonstige (Sonstige Geräte);Holzkeil 2D 06;;;
829;Sonstige Geräte;Sonstige (Sonstige Geräte);Holzkeil 2D 07;;;
830;Sonstige Geräte;Sonstige (Sonstige Geräte);Holzkeil 2D 08;;;
831;Sonstige Geräte;Sonstige (Sonstige Geräte);Holzkeil 2D 09;;;
832;Sonstige Geräte;Sonstige (Sonstige Geräte);Holzkeil 2D 10;;;
833;Sonstige Geräte;Sonstige (Sonstige Geräte);Einsatzschlinge breit 08;;2000000758;2000000758
834;Sonstige Geräte;Sonstige (Sonstige Geräte);Einsatzschlinge breit 03;;2000000753;2000000753
835;Sonstige Geräte;Sonstige (Sonstige Geräte);Einsatzschlinge breit 07;;2000000757;2000000757
836;Sonstige Geräte;Sonstige (Sonstige Geräte);Einsatzschlinge breit 09;;2000000759;2000000759
837;Sonstige Geräte;Sonstige (Sonstige Geräte);Einsatzschlinge breit 02;;2000000752;2000000752
838;Sonstige Geräte;Sonstige (Sonstige Geräte);Einsatzschlinge schmal 06;;rt-2024-703;rt-2024-703
839;Sonstige Geräte;Sonstige (Sonstige Geräte);Einsatzschlinge schmal 35;;rt-2024-206;rt-2024-206
840;Sonstige Geräte;Sonstige (Sonstige Geräte);Einsatzschlinge schmal 07;;rt-2024-181;rt-2024-181
841;Sonstige Geräte;Sonstige (Sonstige Geräte);Einsatzschlinge schmal 08;;rt-2024-215;rt-2024-215
842;Sonstige Geräte;Sonstige (Sonstige Geräte);Einsatzschlinge schmal 09;;rt-2024-247;rt-2024-247
843;Sonstige Geräte;Sonstige (Sonstige Geräte);Einsatzschlinge schmal 10;;rt-2024-661;rt-2024-661
844;Sonstige Geräte;Sonstige (Sonstige Geräte);Einsatzschlinge schmal 11;;rt-2024-669;rt-2024-669
845;Sonstige Geräte;Sonstige (Sonstige Geräte);Einsatzschlinge schmal 15;;rt-2024-932;rt-2024-932
846;Sonstige Geräte;Sonstige (Sonstige Geräte);Einsatzschlinge schmal 17;;rt-2024-686;rt-2024-686
847;Sonstige Geräte;Sonstige (Sonstige Geräte);Einsatzschlinge schmal 20;;rt-2024-708;rt-2024-708
848;Sonstige Geräte;Sonstige (Sonstige Geräte);Einsatzschlinge schmal 23;;rt-2024-150;rt-2024-150
849;Sonstige Geräte;Sonstige (Sonstige Geräte);Einsatzschlinge schmal 24;;rt-2024-45;rt-2024-45
850;Sonstige Geräte;Sonstige (Sonstige Geräte);Einsatzschlinge schmal 33;;rt-2024-177;rt-2024-177
851;Sonstige Geräte;Sonstige (Sonstige Geräte);Einsatzschlinge schmal 37;;rt-2024-929;rt-2024-929
852;Sonstige Geräte;Sonstige (Sonstige Geräte);Einsatzschlinge schmal 38;;rt-2024-145;rt-2024-145
853;Sonstige Geräte;Sonstige (Sonstige Geräte);Einsatzschlinge schmal 39;;rt-2024-707;rt-2024-707
854;Sonstige Geräte;Sonstige (Sonstige Geräte);Einsatzschlinge schmal 42;;rt-2024-676;rt-2024-676
855;Sonstige Geräte;Sonstige (Sonstige Geräte);Einsatzschlinge schmal 43;;rt-2024-152;rt-2024-152
856;Sonstige Geräte;Sonstige (Sonstige Geräte);Einsatzschlinge schmal 44;;rt-2024-692;rt-2024-692
857;Sonstige Geräte;Sonstige (Sonstige Geräte);Einsatzschlinge schmal 45;;rt-2024-180;rt-2024-180
858;Sonstige Geräte;Sonstige (Sonstige Geräte);Einsatzschlinge schmal 46;;rt-2023-0730;rt-2023-0730
859;Sonstige Geräte;Sonstige (Sonstige Geräte);Einsatzschlinge schmal 47;;rt-2024-137;rt-2024-137
860;Sonstige Geräte;Sonstige (Sonstige Geräte);Einsatzschlinge schmal 50;;rt-2024-916;rt-2024-916
861;Sonstige Geräte;Sonstige (Sonstige Geräte);Einsatzschlinge schmal 53;;rt-2024-179;rt-2024-179
862;Sonstige Geräte;Sonstige (Sonstige Geräte);Einsatzschlinge schmal 54;;rt-2024-35;rt-2024-35
863;Sonstige Geräte;Sonstige (Sonstige Geräte);Einsatzschlinge schmal 55;;rt-2024-698;rt-2024-698
864;Sonstige Geräte;Sonstige (Sonstige Geräte);Einsatzschlinge schmal 57;;rt-2024-211;rt-2024-211
865;Sonstige Geräte;Sonstige (Sonstige Geräte);Einsatzschlinge schmal 61;;rt-2024-724;rt-2024-724
866;Sonstige Geräte;Sonstige (Sonstige Geräte);Einsatzschlinge schmal 13;;rt-2024-694;rt-2024-694
867;Sonstige Geräte;Sonstige (Sonstige Geräte);Einsatzschlinge schmal 41;;rt-2024-918;rt-2024-918
868;Sonstige Geräte;Sonstige (Sonstige Geräte);Einsatzschlinge schmal 49;;rt-2024-212;rt-2024-212
869;Sonstige Geräte;Sonstige (Sonstige Geräte);Einsatzschlinge schmal 51;;rt-2024-673;rt-2024-673
870;Sonstige Geräte;Sonstige (Sonstige Geräte);Einsatzschlinge schmal 62;;rt-2024-919;rt-2024-919
871;Sonstige Geräte;Sonstige (Sonstige Geräte);Einsatzschlinge schmal 63;;rt-2024-182;rt-2024-182
872;Sonstige Geräte;Sonstige (Sonstige Geräte);Einsatzschlinge schmal 64;;rt-2024-922;rt-2024-922
873;Sonstige Geräte;Sonstige (Sonstige Geräte);Einsatzschlinge schmal 65;;rt-2024-196;rt-2024-196
874;Sonstige Geräte;Sonstige (Sonstige Geräte);Einsatzschlinge schmal 05;;rt-2024-746;rt-2024-746
875;Sonstige Geräte;Sonstige (Sonstige Geräte);Einsatzschlinge schmal 12;;rt-2024-349;rt-2024-349
876;Sonstige Geräte;Sonstige (Sonstige Geräte);Einsatzschlinge schmal 14;;rt-2024-716;rt-2024-716
877;Sonstige Geräte;Sonstige (Sonstige Geräte);Brandfluchthaubenholster 06;;2000000774;2000000774
878;Sonstige Geräte;Sonstige (Sonstige Geräte);Brandfluchthaubenholster 05;;2000000773;2000000773
879;Sonstige Geräte;Sonstige (Sonstige Geräte);Brandfluchthaubenholster 04;;2000000772;2000000772
880;Sonstige Geräte;Sonstige (Sonstige Geräte);Brandfluchthaubenholster 03;;2000000771;2000000771
881;Sonstige Geräte;Sonstige (Sonstige Geräte);Brandfluchthaubenholster 08;;2000000776;2000000776
882;Sonstige Geräte;Sonstige (Sonstige Geräte);Brandfluchthaubenholster 01;;2000000769;2000000769
883;Sonstige Geräte;Sonstige (Sonstige Geräte);Brandfluchthaubenholster 02;;2000000770;2000000770
884;Sonstige Geräte;Sonstige (Sonstige Geräte);Schuttmulde 03 10-48-2;;;2000000385
885;Sonstige Geräte;Sonstige (Sonstige Geräte);Funkgerättasche;;;2000000662
886;Sonstige Geräte;Sonstige (Sonstige Geräte);Absaugvorrichtung 01;;;2000000083
887;Sonstige Geräte;Sonstige (Sonstige Geräte);Einsatzschlinge schmal 60;;rt-2024-364;rt-2024-364
888;Sonstige Geräte;Sonstige (Sonstige Geräte);Einsatzschlinge schmal 58;;rt-2024-232;rt-2024-232
889;Sonstige Geräte;Sonstige (Sonstige Geräte);Schutzschuhe 04;;;2000000196
890;Sonstige Geräte;Sonstige (Sonstige Geräte);Schutzschuhe 05;;;2000000194
891;Sonstige Geräte;Sonstige (Sonstige Geräte);Einsatzschlinge breit 10;;2000000760;2000000760
892;Sonstige Geräte;Sonstige (Sonstige Geräte);Einsatzschlinge schmal 04;;rt-2024-934;rt-2024-934
893;Sonstige Geräte;Sonstige (Sonstige Geräte);Einsatzschlinge schmal 30;;rt-2024-141;rt-2024-141
894;Sonstige Geräte;Sonstige (Sonstige Geräte);Einsatzschlinge schmal 32;;rt-2024-146;rt-2024-146
895;Sonstige Geräte;Sonstige (Sonstige Geräte);Einsatzschlinge schmal 36;;rt-2024-819;rt-2024-819
896;Sonstige Geräte;Sonstige (Sonstige Geräte);Einsatzschlinge schmal 48;;rt-2024-670;rt-2024-670
897;Sonstige Geräte;Sonstige (Sonstige Geräte);Einsatzschlinge schmal 40;;rt-2024-326;rt-2024-326
898;Sonstige Geräte;Sonstige (Sonstige Geräte);Einsatzschlinge schmal 59;;rt-2024-946;rt-2024-946
899;Sonstige Geräte;Sonstige (Sonstige Geräte);Einsatzschlinge schmal 29;;rt-2024-672;rt-2024-672
900;Sonstige Geräte;Sonstige (Sonstige Geräte);Einsatzschlinge schmal 01;;rt-2024-671;rt-2024-671
901;Sonstige Geräte;Sonstige (Sonstige Geräte);Einsatzschlinge breit 01;;2000000751;2000000751
902;Sonstige Geräte;Sonstige (Sonstige Geräte);Einsatzschlinge schmal 02;;rt-2024-233;rt-2024-233
903;Sonstige Geräte;Sonstige (Sonstige Geräte);Einsatzschlinge breit 04;;2000000754;2000000754
904;Sonstige Geräte;Sonstige (Sonstige Geräte);Einsatzschlinge breit 05;;2000000755;2000000755
905;Sonstige Geräte;Sonstige (Sonstige Geräte);Einsatzschlinge breit 06;;2000000756;2000000756
906;Technische Hilfeleistung;Abstützsystem;Stab-Fast 01;;;2000000033
907;Technische Hilfeleistung;Abstützsystem;StabPack 02;;;2000000022
908;Technische Hilfeleistung;Abstützsystem;StabPack 01;;;2000000021
909;Technische Hilfeleistung;Abstützsystem;StabPack 04;;;2000000024
910;Technische Hilfeleistung;Abstützsystem;StabPack 03;;;2000000023
911;Technische Hilfeleistung;Lüfter;Motorlüfter 02;;;2000000035
912;Technische Hilfeleistung;Lüfter;Motorlüfter 01 10-23-2;;;2000000119
913;Technische Hilfeleistung;Lüfter;Wasserlüfter 01;;;45003050
914;Technische Hilfeleistung;Lüfter;Akkulüfter 01;;;2000000165
915;Technische Hilfeleistung;Lüfter;Akkulüfter 02;;;2000000167
916;Technische Hilfeleistung;Nass- und Trockensauger;Wassersauger 10-64-2 01;;2000000590;2000000590
917;Technische Hilfeleistung;Stromerzeuger;Stromerzeuger BSKA3 10-11-2;;41222581;2000000283
918;Technische Hilfeleistung;Stromerzeuger;Stromerzeuger BSKA 9EV 10-48-2;;;2000000062
919;Technische Hilfeleistung;Stromerzeuger;Stromerzeuger BSKA5;;41222521;2000000199
920;Technische Hilfeleistung;Stromerzeuger;Stromerzeuger Endress 10-23-2;;2000000154;2000000154
921;Technische Hilfeleistung;Türöffnung;Paniktüröffner-Set 10-48-2 01;;2000000673;2000000673
922;Technische Hilfeleistung;Türöffnung;Türöffnungsrucksack 10-48-2 01;;2000000593;2000000593
923;Technische Hilfeleistung;Türöffnung;Türfallengleiter Set 10-48-2 01;;2000000674;2000000674
924;Tierrettung;Kescher, Fanggeräte, Wurfnetze;Fangzange 01;;2000000802;2000000802
925;Tierrettung;Kescher, Fanggeräte, Wurfnetze;Hundefangstab 01;;2000000801;2000000801
926;Tierrettung;Kescher, Fanggeräte, Wurfnetze;Teleskop-Kesscher 01;;2000000800;2000000800
927;Tragkraftspritzen / Pumpen;Tauchpumpe;Tauchpumpe 02 10-64-2;;;2000000646
928;Tragkraftspritzen / Pumpen;Tauchpumpe;Tauchpumpe 03 10-48-2;;;2000000664
929;Tragkraftspritzen / Pumpen;Tauchpumpe;Tauchpumpe 04 10-23-2;;2000000626;2000000626
930;Tragkraftspritzen / Pumpen;Tauchpumpe;Tauchpumpe 01 10-64-2;;;2000000639
931;Tragkraftspritzen / Pumpen;Tragkraftspritze (PFPN);FP 8/8 Zug 2;;2000000588;2000000588
932;Wärmebildkameras;Akkus;Akku f. Wärmebildkamera 10-48-2 06;;;T3B53560
933;Wärmebildkameras;Akkus;Akku f. Wärmebildkamera 10-48-2 05;;;T3B53563
934;Wärmebildkameras;Akkus;Akku f. Wärmebildkamera 10-23-2 02;;;ECB52066
935;Wärmebildkameras;Akkus;Akku f. Wärmebildkamera 10-48-2 01;;;T3B41925
936;Wärmebildkameras;Akkus;Akku f. Wärmebildkamera 10-48-2 04;;;T3B47761
937;Wärmebildkameras;Akkus;Akku f. Wärmebildkamera 10-23-2 01;;;ECB52067
938;Wärmebildkameras;Bullard;Wärmebildkamera 10-23-2 01;;;D07194
939;Wärmebildkameras;Bullard;Wärmebildkamera 10-48-2 01;;;DT02494
940;Wärmebildkameras;Ladegeräte;Ladegerät für Wärmebildkamera 01;;;2000000110
941;Wärmebildkameras;Ladegeräte;Ladegerät für Wärmebildkamera 02;;;2000000175
942;Wärmebildkameras;Sonstiges / Zubehör (Wärmebildkameras);Empfangseinheit WBK;;;2000000116
943;Wasserrettung;Rettungsboote;Rettungsboot 02;;;2000000396
944;Wasserrettung;Rettungswesten;Rettungsweste 01;;2000000529;2000000529
945;Wasserrettung;Rettungswesten;Rettungsweste 06;;;2000000583
946;Wasserrettung;Rettungswesten;Rettungsweste 07;;;2000000584
947;Wasserrettung;Rettungswesten;Rettungsweste 08;;;2000000585
948;Wasserrettung;Rettungswesten;Rettungsweste 05;;;2000000582
949;Wasserrettung;Rettungswesten;Rettungsweste 02;;2000000530;2000000530
950;Wasserrettung;Rettungswesten;Rettungsweste 03;;2000000531;2000000531
951;Wasserrettung;Rettungswesten;Rettungsweste 04;;2000000532;2000000532
952;Wasserrettung;Zubehör für Rettungsboot;Propellerschutz 01;;;2000000591
953;Werkzeuge und Arbeitsgeräte;Airbagsicherung;Airbagsicherungs-System 02;;2000000791;2000000791
954;Werkzeuge und Arbeitsgeräte;Airbagsicherung;Airbagsicherung 01;;2000000007;2000000007
955;Werkzeuge und Arbeitsgeräte;Airbagsicherung;Airbagsicherungs-System 03;;2000000792;2000000792
956;Werkzeuge und Arbeitsgeräte;Äxte, Beile;TNT-Tool 01;;;2000000079
957;Werkzeuge und Arbeitsgeräte;Äxte, Beile;Spaltaxt 01;;;2000000077
958;Werkzeuge und Arbeitsgeräte;Äxte, Beile;Feuerwehraxt 01 10-23-2;;2000000330;2000000330
959;Werkzeuge und Arbeitsgeräte;Äxte, Beile;TNT-Tool 02;;2000000129;2000000129
960;Werkzeuge und Arbeitsgeräte;Äxte, Beile;Feuerwehraxt 01 10-64-2;;;2000000425
961;Werkzeuge und Arbeitsgeräte;Äxte, Beile;Feuerwehraxt 02;;;2000000078
962;Werkzeuge und Arbeitsgeräte;Besen, Wasserschieber;Besen 01;;;
963;Werkzeuge und Arbeitsgeräte;Besen, Wasserschieber;Wasserschieber 01;;;
964;Werkzeuge und Arbeitsgeräte;Besen, Wasserschieber;Wasserschieber 05;;;
965;Werkzeuge und Arbeitsgeräte;Besen, Wasserschieber;Besen 05;;;
966;Werkzeuge und Arbeitsgeräte;Besen, Wasserschieber;Besen 08;;;
967;Werkzeuge und Arbeitsgeräte;Besen, Wasserschieber;Besen 03;;;
968;Werkzeuge und Arbeitsgeräte;Besen, Wasserschieber;Besen 04;;;
969;Werkzeuge und Arbeitsgeräte;Besen, Wasserschieber;Wasserschieber 02;;;
970;Werkzeuge und Arbeitsgeräte;Besen, Wasserschieber;Besen 02;;;
971;Werkzeuge und Arbeitsgeräte;Besen, Wasserschieber;Wasserschieber 03;;;
972;Werkzeuge und Arbeitsgeräte;Besen, Wasserschieber;Wasserschieber 04;;;
973;Werkzeuge und Arbeitsgeräte;Besen, Wasserschieber;Besen 06;;;
974;Werkzeuge und Arbeitsgeräte;Besen, Wasserschieber;Besen 07;;;
975;Werkzeuge und Arbeitsgeräte;Bolzenschneider;Bolzenschneider 02 10-23-2;;;2000000331
976;Werkzeuge und Arbeitsgeräte;Bolzenschneider;Bolzenschneider 01 10-23-2;;;2000000329
977;Werkzeuge und Arbeitsgeräte;Bolzenschneider;Bolzenschneider 04;;;2000000191
978;Werkzeuge und Arbeitsgeräte;Bolzenschneider;Bolzenschneider 01 10-48-2;;;2000000386
979;Werkzeuge und Arbeitsgeräte;Brechwerkzeuge;Nageleisen 01 10-64-2;;;2000000424
980;Werkzeuge und Arbeitsgeräte;Brechwerkzeuge;Nageleisen 01 10-48-2;;2000000790;2000000790
981;Werkzeuge und Arbeitsgeräte;Brechwerkzeuge;Nageleisen 02;;;2000000481
982;Werkzeuge und Arbeitsgeräte;Brechwerkzeuge;Brechstange 02 10-48-2;;;2000000389
983;Werkzeuge und Arbeitsgeräte;Brechwerkzeuge;Brechstange 01 10-48-2;;;2000000388
984;Werkzeuge und Arbeitsgeräte;Brechwerkzeuge;Brechstange 01 10-23-2;;;2000000332
985;Werkzeuge und Arbeitsgeräte;Brechwerkzeuge;Brechstange 03;;;2000000192
986;Werkzeuge und Arbeitsgeräte;Drahtscheren, Blechaufreißer;Blechaufreißer 01;;;2000000015
987;Werkzeuge und Arbeitsgeräte;Einreißhaken;Einreißhaken 02 10-48-2;;;2000000347
988;Werkzeuge und Arbeitsgeräte;Einreißhaken;Einreißhaken 03 10-48-2;;;2000000349
989;Werkzeuge und Arbeitsgeräte;Einreißhaken;Einreißhaken 01 10-23-2;;;2000000337
990;Werkzeuge und Arbeitsgeräte;Feuerpatschen (Waldbrandpatschen);Feuerpatsche 02 10-48-2;;;2000000345
991;Werkzeuge und Arbeitsgeräte;Feuerpatschen (Waldbrandpatschen);Feuerpatsche 03 10-48-2;;;2000000346
992;Werkzeuge und Arbeitsgeräte;Feuerpatschen (Waldbrandpatschen);Feuerpatsche 01 10-23-2;;;2000000341
993;Werkzeuge und Arbeitsgeräte;Feuerpatschen (Waldbrandpatschen);Feuerpatsche 04;;;2000000480
994;Werkzeuge und Arbeitsgeräte;Halligan-Tools, Hooligan-Tools;Halligen-Tool 03 10-64-2;;;2000000488
995;Werkzeuge und Arbeitsgeräte;Halligan-Tools, Hooligan-Tools;Halligen-Tool 02 10-48-2;;;2000000080
996;Werkzeuge und Arbeitsgeräte;Halligan-Tools, Hooligan-Tools;Tragesystem 01;;2000000815;2000000815
997;Werkzeuge und Arbeitsgeräte;Halligan-Tools, Hooligan-Tools;Halligen-Tool 01 10-23-2;;2000000130;2000000130
998;Werkzeuge und Arbeitsgeräte;Halligan-Tools, Hooligan-Tools;Halligen-Tool 01;;;2000000390
999;Werkzeuge und Arbeitsgeräte;Hämmer, Meißel;Spalthammer 01;;;2000000478
1000;Werkzeuge und Arbeitsgeräte;Hämmer, Meißel;Spalthammer 02;;;2000000479
1001;Werkzeuge und Arbeitsgeräte;Hämmer, Meißel;Vorschlaghammer 01;;;2000000193
1002;Werkzeuge und Arbeitsgeräte;Hilfsmittel, Hilfsmaterial, Klebeband etc.;Packexe Smash Kit 10-48-02 01;;2000000534;2000000534
1003;Werkzeuge und Arbeitsgeräte;Hilfsmittel, Hilfsmaterial, Klebeband etc.;Packexe Smash Kit 01;;;
1004;Werkzeuge und Arbeitsgeräte;Messer;Rettungsmesser 07;;M07;M07
1005;Werkzeuge und Arbeitsgeräte;Messer;Rettungsmesser 53;;M53;M53
1006;Werkzeuge und Arbeitsgeräte;Messer;Rettungsmesser 33;;M33;M33
1007;Werkzeuge und Arbeitsgeräte;Messer;Rettungsmesser 30;;M30;M30
1008;Werkzeuge und Arbeitsgeräte;Messer;Rettungsmesser 29;;M29;M29
1009;Werkzeuge und Arbeitsgeräte;Messer;Rettungsmesser 35;;M35;M35
1010;Werkzeuge und Arbeitsgeräte;Messer;Rettungsmesser 39;;M39;M39
1011;Werkzeuge und Arbeitsgeräte;Messer;Rettungsmesser 42;;M42;M42
1012;Werkzeuge und Arbeitsgeräte;Messer;Rettungsmesser 46;;M46;M46
1013;Werkzeuge und Arbeitsgeräte;Messer;Rettungsmesser 49;;M49;M49
1014;Werkzeuge und Arbeitsgeräte;Messer;Rettungsmesser 28;;M28;M28
1015;Werkzeuge und Arbeitsgeräte;Messer;Rettungsmesser 27;;M27;M27
1016;Werkzeuge und Arbeitsgeräte;Messer;Rettungsmesser 15;;M15;M15
1017;Werkzeuge und Arbeitsgeräte;Messer;Rettungsmesser 13;;M01;
1018;Werkzeuge und Arbeitsgeräte;Messer;Rettungsmesser 71;;M71;M71
1019;Werkzeuge und Arbeitsgeräte;Messer;Rettungsmesser 63;;M63;M63
1020;Werkzeuge und Arbeitsgeräte;Messer;Rettungsmesser 01;;M01;M01
1021;Werkzeuge und Arbeitsgeräte;Messer;Rettungsmesser 06;;M06;M06
1022;Werkzeuge und Arbeitsgeräte;Messer;Rettungsmesser 73;;M73;M73
1023;Werkzeuge und Arbeitsgeräte;Messer;Rettungsmesser 64;;M64;M64
1024;Werkzeuge und Arbeitsgeräte;Messer;Rettungsmesser 36;;M36;M36
1025;Werkzeuge und Arbeitsgeräte;Messer;Rettungsmesser 38;;M38;M38
1026;Werkzeuge und Arbeitsgeräte;Messer;Rettungsmesser 34;;M34;M34
1027;Werkzeuge und Arbeitsgeräte;Messer;Rettungsmesser 43;;M43;M43
1028;Werkzeuge und Arbeitsgeräte;Messer;Rettungsmesser 41;;M41;M41
1029;Werkzeuge und Arbeitsgeräte;Messer;Rettungsmesser 47;;M47;M47
1030;Werkzeuge und Arbeitsgeräte;Messer;Rettungsmesser 45;;M45;M45
1031;Werkzeuge und Arbeitsgeräte;Messer;Rettungsmesser 48;;M48;M48
1032;Werkzeuge und Arbeitsgeräte;Messer;Rettungsmesser 50;;M50;M50
1033;Werkzeuge und Arbeitsgeräte;Messer;Rettungsmesser 51;;M51;M51
1034;Werkzeuge und Arbeitsgeräte;Messer;Rettungsmesser 52;;M52;M52
1035;Werkzeuge und Arbeitsgeräte;Messer;Rettungsmesser 26;;M26;M26
1036;Werkzeuge und Arbeitsgeräte;Messer;Rettungsmesser 31;;M31;M31
1037;Werkzeuge und Arbeitsgeräte;Messer;Rettungsmesser 44;;M44;M44
1038;Werkzeuge und Arbeitsgeräte;Messer;Rettungsmesser 24;;M01;M24
1039;Werkzeuge und Arbeitsgeräte;Messer;Rettungsmesser 55;;M55;M55
1040;Werkzeuge und Arbeitsgeräte;Messer;Rettungsmesser 25;;M25;M25
1041;Werkzeuge und Arbeitsgeräte;Messer;Rettungsmesser 23;;M23;M23
1042;Werkzeuge und Arbeitsgeräte;Messer;Rettungsmesser 56;;M56;M56
1043;Werkzeuge und Arbeitsgeräte;Messer;Rettungsmesser 22;;M22;M22
1044;Werkzeuge und Arbeitsgeräte;Messer;Rettungsmesser 21;;M21;M21
1045;Werkzeuge und Arbeitsgeräte;Messer;Rettungsmesser 57;;M57;M57
1046;Werkzeuge und Arbeitsgeräte;Messer;Rettungsmesser 58;;M58;M58
1047;Werkzeuge und Arbeitsgeräte;Messer;Rettungsmesser 61;;M61;M61
1048;Werkzeuge und Arbeitsgeräte;Messer;Rettungsmesser 59;;M59;M59
1049;Werkzeuge und Arbeitsgeräte;Messer;Rettungsmesser 19;;M19;M19
1050;Werkzeuge und Arbeitsgeräte;Messer;Rettungsmesser 62;;M62;M62
1051;Werkzeuge und Arbeitsgeräte;Messer;Rettungsmesser 65;;M65;M65
1052;Werkzeuge und Arbeitsgeräte;Messer;Rettungsmesser 14;;M14;M14
1053;Werkzeuge und Arbeitsgeräte;Messer;Rettungsmesser 40;;M40;M40
1054;Werkzeuge und Arbeitsgeräte;Messer;Rettungsmesser 12;;M12;M12
1055;Werkzeuge und Arbeitsgeräte;Messer;Rettungsmesser 32;;M32;M32
1056;Werkzeuge und Arbeitsgeräte;Messer;Rettungsmesser 54;;M54;M54
1057;Werkzeuge und Arbeitsgeräte;Messer;Rettungsmesser 67;;M67;M67
1058;Werkzeuge und Arbeitsgeräte;Messer;Rettungsmesser 60;;M60;M60
1059;Werkzeuge und Arbeitsgeräte;Messer;Rettungsmesser 17;;M17;M17
1060;Werkzeuge und Arbeitsgeräte;Messer;Rettungsmesser 11;;M11;M11
1061;Werkzeuge und Arbeitsgeräte;Messer;Rettungsmesser 68;;M68;M68
1062;Werkzeuge und Arbeitsgeräte;Messer;Rettungsmesser 70;;M70;M70
1063;Werkzeuge und Arbeitsgeräte;Messer;Rettungsmesser 10;;M10;M10
1064;Werkzeuge und Arbeitsgeräte;Messer;Rettungsmesser 09;;M09;M09
1065;Werkzeuge und Arbeitsgeräte;Messer;Rettungsmesser 20;;M20;M20
1066;Werkzeuge und Arbeitsgeräte;Messer;Rettungsmesser 18;;M18;M18
1067;Werkzeuge und Arbeitsgeräte;Messer;Rettungsmesser 72;;M72;M72
1068;Werkzeuge und Arbeitsgeräte;Messer;Rettungsmesser 69;;M69;M69
1069;Werkzeuge und Arbeitsgeräte;Messer;Rettungsmesser 02;;M02;M02
1070;Werkzeuge und Arbeitsgeräte;Messer;Rettungsmesser 66;;M66;M66
1071;Werkzeuge und Arbeitsgeräte;Messer;Rettungsmesser 08;;M08;M08
1072;Werkzeuge und Arbeitsgeräte;Messer;Rettungsmesser 16;;M16;M16
1073;Werkzeuge und Arbeitsgeräte;Messer;Rettungsmesser 05;;M05;M05
1074;Werkzeuge und Arbeitsgeräte;Messer;Rettungsmesser 03;;M03;M03
1075;Werkzeuge und Arbeitsgeräte;Messer;Rettungsmesser 74;;M74;M74
1076;Werkzeuge und Arbeitsgeräte;Messer;Rettungsmesser 75;;M75;M75
1077;Werkzeuge und Arbeitsgeräte;Messer;Rettungsmesser 04;;M04;M04
1078;Werkzeuge und Arbeitsgeräte;Messer;Rettungsmesser 37;;M37;M37
1079;Werkzeuge und Arbeitsgeräte;Pfostenschlüssel;Dreikantschlüssel 02 10-48-2;;;2000000393
1080;Werkzeuge und Arbeitsgeräte;Pfostenschlüssel;Dreikantschlüssel 01 10-23-2;;;2000000334
1081;Werkzeuge und Arbeitsgeräte;Pfostenschlüssel;Dreikantschlüssel 01 10-48-2;;;2000000392
1082;Werkzeuge und Arbeitsgeräte;Pfostenschlüssel;Dreikantschlüssel 01 10-64-2;;;2000000405
1083;Werkzeuge und Arbeitsgeräte;Pfostenschlüssel;Dreikantschlüssel 02 10-23-2;;;2000000335
1084;Werkzeuge und Arbeitsgeräte;Rüsthölzer, Windenstützen, Kanalstreben;Windenstütze 03;;;2000000231
1085;Werkzeuge und Arbeitsgeräte;Rüsthölzer, Windenstützen, Kanalstreben;Windenstütze 06;;;2000000228
1086;Werkzeuge und Arbeitsgeräte;Rüsthölzer, Windenstützen, Kanalstreben;Windenstütze 07;;;2000000227
1087;Werkzeuge und Arbeitsgeräte;Rüsthölzer, Windenstützen, Kanalstreben;Windenstütze 02;;;2000000232
1088;Werkzeuge und Arbeitsgeräte;Rüsthölzer, Windenstützen, Kanalstreben;Formholz 02;;;
1089;Werkzeuge und Arbeitsgeräte;Rüsthölzer, Windenstützen, Kanalstreben;Windenstütze 05;;;2000000230
1090;Werkzeuge und Arbeitsgeräte;Rüsthölzer, Windenstützen, Kanalstreben;Windenstütze 04;;;2000000229
1091;Werkzeuge und Arbeitsgeräte;Rüsthölzer, Windenstützen, Kanalstreben;Windenstütze 01;;;2000000233
1092;Werkzeuge und Arbeitsgeräte;Rüsthölzer, Windenstützen, Kanalstreben;Formholz 01;;;
1093;Werkzeuge und Arbeitsgeräte;Sägen;Bügelsäge 01 10-23-2;;;2000000333
1094;Werkzeuge und Arbeitsgeräte;Sägen;Bügelsäge 01 10-48-2;;;2000000391
1095;Werkzeuge und Arbeitsgeräte;Sägen;Bügelsäge 01 10-64-2;;;
1096;Werkzeuge und Arbeitsgeräte;Schlüssel, Schlüssel-Sätze;BMA-Schlüssel 01;;;
1097;Werkzeuge und Arbeitsgeräte;Spaten, Schaufeln, Hacken;Schaufel 01;;;
1098;Werkzeuge und Arbeitsgeräte;Spaten, Schaufeln, Hacken;Dunghaken 01 10-48-2;;;2000000343
1099;Werkzeuge und Arbeitsgeräte;Spaten, Schaufeln, Hacken;Forke 01 10-23-2;;;2000000342
1100;Werkzeuge und Arbeitsgeräte;Spaten, Schaufeln, Hacken;Dunghaken 02 10-48-2;;;2000000344
1101;Werkzeuge und Arbeitsgeräte;Spaten, Schaufeln, Hacken;Dunghaken 03 10-48-2;;;2000000348
1102;Werkzeuge und Arbeitsgeräte;Spaten, Schaufeln, Hacken;Dunghaken 03 10-23-2;;;2000000340
1103;Werkzeuge und Arbeitsgeräte;Spaten, Schaufeln, Hacken;Schaufel 05;;;
1104;Werkzeuge und Arbeitsgeräte;Spaten, Schaufeln, Hacken;Schaufel 02;;;
1105;Werkzeuge und Arbeitsgeräte;Spaten, Schaufeln, Hacken;Schaufel 03;;;
1106;Werkzeuge und Arbeitsgeräte;Spaten, Schaufeln, Hacken;Spaten 02;;;
1107;Werkzeuge und Arbeitsgeräte;Spaten, Schaufeln, Hacken;Forke 02;;;
1108;Werkzeuge und Arbeitsgeräte;Spaten, Schaufeln, Hacken;Schaufel 04;;;
1109;Werkzeuge und Arbeitsgeräte;Spaten, Schaufeln, Hacken;Spaten 03;;;2000000198
1110;Werkzeuge und Arbeitsgeräte;Spaten, Schaufeln, Hacken;Spaten 01;;;2000000128
1111;Werkzeuge und Arbeitsgeräte;Spaten, Schaufeln, Hacken;Dunghaken 01 10-23-2;;;2000000338
1112;Werkzeuge und Arbeitsgeräte;Spaten, Schaufeln, Hacken;Dunghaken 02 10-23-2;;;2000000339
1113;Werkzeuge und Arbeitsgeräte;Werkzeug, allgemein;Bosch Akku 05;;;2000000166
1114;Werkzeuge und Arbeitsgeräte;Werkzeug, allgemein;Bosch Akku 03;;;2000000246
1115;Werkzeuge und Arbeitsgeräte;Werkzeug, allgemein;Werkzeugkoffer;;;2000000139
1116;Werkzeuge und Arbeitsgeräte;Werkzeug, allgemein;Akkuschrauber;;;2000000028
1117;Werkzeuge und Arbeitsgeräte;Werkzeug, allgemein;Schornsteinfegersatz 01 10-23-2;;;2000000336
1118;Werkzeuge und Arbeitsgeräte;Werkzeug, allgemein;Werkzeugkasten 02;;;2000000014
1119;Werkzeuge und Arbeitsgeräte;Werkzeug, allgemein;Akkufräse;;;2000000026
1120;Werkzeuge und Arbeitsgeräte;Werkzeug, allgemein;Werkzeugkasten 01;;;2000000013
1121;Werkzeuge und Arbeitsgeräte;Werkzeug, allgemein;Elektrowerkzeugkasten 01 10-64-2;;;2000000245
1122;Werkzeuge und Arbeitsgeräte;Werkzeug, allgemein;Bosch Akku 04;;;2000000164
1123;Werkzeuge und Arbeitsgeräte;Werkzeugsatz;Spannungswarner 01 10-48-2;;2000000679;2000000679
1124;Werkzeuge und Arbeitsgeräte;Werkzeugsatz;Prüfball 01;;;2000000084
Bearbeiter: Arne Dusenka;;;;1;;09.03.2025
